access_id,employee_id,access_date,course,chapter
1000,200,2018-01-23 06:39:00,tableau,publishing-to-tableau-online-tableau
1001,200,2018-01-23 06:39:00,business-objects,components-of-bo-file-business-objects-56
1002,201,2018-05-25 10:19:00,oracle-sql,introduction-to-sql-oracle-sql-102
1003,201,2018-05-25 10:19:00,oracle-sql,introduction-to-sql-oracle-sql-102
1004,201,2018-05-25 10:19:00,rdbms,introduction-file
1005,202,2018-05-25 01:18:00,rdbms,introduction-file
1006,202,2018-05-25 01:18:00,oracle-sql,select-statement-dealing-part1-oracle-sql-113
1007,202,2018-05-25 01:18:00,oracle-sql,writing-simple-select-clause
1008,202,2018-05-25 01:18:00,oracle-sql,select-statement-dealing-part1-oracle-sql-113
1009,202,2018-05-25 01:18:00,oracle-sql,group-by-and-having-clause-partii-oracle-sql-120
1010,202,2018-05-25 01:18:00,oracle-sql,writing-simple-select-statements
1011,202,2018-05-25 01:18:00,oracle-sql,writing-simple-select-clause
1012,202,2018-05-25 01:18:00,oracle-sql,select-statement-dealing-part1-oracle-sql-113
1013,202,2018-05-25 01:18:00,oracle-sql,introduction-to-aggregate-functions-part-i
1014,202,2018-05-25 01:18:00,oracle-sql,introduction-to-aggregate-functions
1015,202,2018-05-25 01:18:00,oracle-sql,introduction-to-aggregate-functions-part-i
1016,202,2018-05-25 01:18:00,oracle-sql,introduction-to-aggregate-functions
1017,202,2018-05-25 01:18:00,oracle-sql,writing-different-queries-on
1018,202,2018-05-25 01:18:00,oracle-sql,select-date-functions-oracle-sql-124
1019,202,2018-05-25 01:18:00,oracle-sql,group-by-and-having-clause-oracle-sql-118
1020,202,2018-05-25 01:18:00,oracle-sql,group-by-and-having-clause-partii-oracle-sql-120
1021,202,2018-05-25 01:18:00,oracle-sql,sql-and-oracle-quiz-oracle-sql-131
1022,202,2018-05-25 01:18:00,rdbms,visualizing-data-file-rdbms-36
1023,202,2018-05-25 01:18:00,oracle-sql,sql-introduction-and-types-of-sql-statem
1024,202,2018-05-25 01:18:00,oracle-sql,introduction-to-aggregate-functions
1025,202,2018-05-25 01:18:00,oracle-sql,sql-introduction-and-types-of-sql-statem
1026,202,2018-05-25 01:18:00,oracle-sql,writing-different-queries-on
1027,202,2018-05-25 01:18:00,rdbms,visualizing-data-file-rdbms-36
1028,203,2018-05-23 04:29:00,oracle-sql,introduction-to-sql-oracle-sql-102
1029,204,2018-05-04 07:36:00,oracle-sql,data-definition-language-oracle-sql-107
1030,205,2018-04-20 09:45:00,oracle-sql,introduction-to-sql-oracle-sql-102
1031,205,2018-04-20 09:45:00,oracle-sql,sql-and-oracle-quiz-oracle-sql-131
1032,205,2018-04-20 09:45:00,oracle-sql,writing-simple-select-clause
1033,205,2018-04-20 09:45:00,oracle-sql,sql-introduction-and-types-of-sql-statem
1034,205,2018-04-20 09:45:00,oracle-sql,select-statement-dealing-part1-oracle-sql-113
1035,205,2018-04-20 09:45:00,oracle-sql,select-statement-dealing-part2-oracle-sql-114
1036,205,2018-04-20 09:45:00,oracle-sql,select-statement-subquery-oracle-sql-115
1037,205,2018-04-20 09:45:00,oracle-sql,group-by-and-having-clause-oracle-sql-118
1038,205,2018-04-20 09:45:00,oracle-sql,select-number-functions-oracle-sql-125
1039,205,2018-04-20 09:45:00,oracle-sql,writing-simple-select-statements
1040,205,2018-04-20 09:45:00,oracle-sql,select-statement-subquery-oracle-sql-115
1041,205,2018-04-20 09:45:00,oracle-sql,data-definition-language-oracle-sql-107
1042,205,2018-04-20 09:45:00,oracle-sql,writing-simple-select-clause
1043,205,2018-04-20 09:45:00,oracle-plsql,banking-process-scenario-with-deposit
1044,205,2018-04-20 09:45:00,oracle-plsql,banking-process-scenario-withdraw-oracle-plsql-140
1045,205,2018-04-20 09:45:00,oracle-plsql,banking-process-scenario-with-deposit
1046,205,2018-04-20 09:45:00,oracle-plsql,banking-process-scenario-with-deposit
1047,205,2018-04-20 09:45:00,oracle-plsql,banking-process-scenario-withdraw-oracle-plsql-140
1048,205,2018-04-20 09:45:00,oracle-plsql,banking-process-scenario-minimum-bal
1049,205,2018-04-20 09:45:00,oracle-plsql,banking-process-scenario-withdraw-oracle-plsql-140
1050,205,2018-04-20 09:45:00,oracle-plsql,banking-process-scenario-with-deposit
1051,205,2018-04-20 09:45:00,oracle-plsql,banking-process-scenario-minimum-bal
1052,205,2018-04-20 09:45:00,rdbms,introduction-file
1053,205,2018-04-20 09:45:00,rdbms,databases-file-rdbms-30
1054,205,2018-04-20 09:45:00,rdbms,what-is-data-part-1-file-rdbms-26
1055,205,2018-04-20 09:45:00,rdbms,entities-file-rdbms-28
1056,205,2018-04-20 09:45:00,rdbms,visualizing-retail-business-file-rdbms-29
1057,205,2018-04-20 09:45:00,rdbms,databases-file-rdbms-30
1058,205,2018-04-20 09:45:00,rdbms,types-of-databases-file-rdbms-31
1059,205,2018-04-20 09:45:00,rdbms,relational-dbms-file-rdbms-32
1060,205,2018-04-20 09:45:00,rdbms,rdbms-products-in-the-market-file-rdbms-33
1061,205,2018-04-20 09:45:00,rdbms,three-types-of-relationships-file-rdbms-34
1062,205,2018-04-20 09:45:00,rdbms,three-types-of-relationships-file-rdbms-34
1063,205,2018-04-20 09:45:00,rdbms,entities-and-relationships-example-file-rdbms-35
1064,205,2018-04-20 09:45:00,rdbms,primary-key-foreign-key-file-rdbms-38
1065,205,2018-04-20 09:45:00,rdbms,visualizing-data-file-rdbms-36
1066,205,2018-04-20 09:45:00,rdbms,tables-in-rdbms-file-rdbms-37
1067,205,2018-04-20 09:45:00,rdbms,ef-codds-rules-file
1068,205,2018-04-20 09:45:00,rdbms,what-is-a-transaction-file-rdbms-40
1069,205,2018-04-20 09:45:00,rdbms,what-is-a-transaction-file-rdbms-40
1070,205,2018-04-20 09:45:00,rdbms,acid-property-file-rdbms-41
1071,205,2018-04-20 09:45:00,rdbms,what-is-a-transaction-file-rdbms-40
1072,205,2018-04-20 09:45:00,rdbms,what-is-a-transaction-file-rdbms-40
1073,205,2018-04-20 09:45:00,rdbms,acid-property-file-rdbms-41
1074,205,2018-04-20 09:45:00,rdbms,conceptual-model-file-rdbms-42
1075,205,2018-04-20 09:45:00,rdbms,sample-conceptual-model-file-rdbms-43
1076,205,2018-04-20 09:45:00,rdbms,representing-relationship-in-logical-and
1077,205,2018-04-20 09:45:00,rdbms,sample-logical-model-file-rdbms-45
1078,205,2018-04-20 09:45:00,rdbms,sample-questions-from-business-file-rdbms-46
1079,205,2018-04-20 09:45:00,rdbms,next-steps-file-rdbms-47
1080,205,2018-04-20 09:45:00,rdbms,show-only-topic-1-rdbms-48
1081,205,2018-04-20 09:45:00,rdbms,identifying-entities-assignment-rdbms-49
1082,205,2018-04-20 09:45:00,rdbms,rdbms-concepts-assignment-rdbms-52
1083,205,2018-04-20 09:45:00,rdbms,project-rdbms-53
1084,205,2018-04-20 09:45:00,rdbms,rdbms-concepts-quiz-rdbms-54
1085,205,2018-04-20 09:45:00,cata-warehouse-concepts,before-you-learn-dw-cata-warehouse-concepts-70
1086,205,2018-04-20 09:45:00,oracle-plsql,cursor-scenario-customer-grading-par
1087,205,2018-04-20 09:45:00,oracle-plsql,cursor-scenario-customer-grading-p
1088,205,2018-04-20 09:45:00,cata-warehouse-concepts,slowly-changing-dimension-scd1
1089,205,2018-04-20 09:45:00,sdlc,part-1-sdlc-344
1090,205,2018-04-20 09:45:00,tableau,getting-started
1091,205,2018-04-20 09:45:00,tableau,getting-started
1092,206,2017-11-17 04:38:00,oracle-sql,dml-scenario-phone-plan-oracle-sql-132
1093,206,2017-11-17 04:38:00,oracle-plsql,introduction-to-pl-sql-oracle-plsql-133
1094,206,2017-11-17 04:38:00,oracle-plsql,sample-pl-sql-block-oracle-plsql-134
1095,206,2017-11-17 04:38:00,oracle-plsql,cursor-scenario-customer-grading-par
1096,206,2017-11-17 04:38:00,rdbms,types-of-databases-file-rdbms-31
1097,207,2018-05-15 05:26:00,rdbms,visualizing-data-file-rdbms-36
1098,207,2018-05-15 05:26:00,rdbms,introduction-file
1099,207,2018-05-15 05:26:00,cata-warehouse-concepts,before-you-learn-dw-cata-warehouse-concepts-70
1100,207,2018-05-15 05:26:00,cata-warehouse-concepts,introduction-to-dw-cata-warehouse-concepts-71
1101,207,2018-05-15 05:26:00,cata-warehouse-concepts,before-you-learn-dw-cata-warehouse-concepts-70
1102,207,2018-05-15 05:26:00,cata-warehouse-concepts,introduction-to-dw-cata-warehouse-concepts-71
1103,207,2018-05-15 05:26:00,cata-warehouse-concepts,introduction-to-dw-cata-warehouse-concepts-71
1104,207,2018-05-15 05:26:00,cata-warehouse-concepts,differences-between-oltp-and-dw
1105,207,2018-05-15 05:26:00,cata-warehouse-concepts,dw-architecture-cata-warehouse-concepts-73
1106,207,2018-05-15 05:26:00,cata-warehouse-concepts,dw-architecture-cata-warehouse-concepts-73
1107,207,2018-05-15 05:26:00,cata-warehouse-concepts,definition-of-dw-part-one-cata
1108,207,2018-05-15 05:26:00,cata-warehouse-concepts,definition-of-dw-part-one-cata
1109,208,2018-05-15 06:19:00,oracle-sql,introduction-to-sql-oracle-sql-102
1110,208,2018-05-15 06:19:00,oracle-sql,introduction-to-sql-oracle-sql-102
1111,208,2018-05-15 06:19:00,cata-warehouse-concepts,before-you-learn-dw-cata-warehouse-concepts-70
1112,208,2018-05-15 06:19:00,cata-warehouse-concepts,introduction-to-dw-cata-warehouse-concepts-71
1113,208,2018-05-15 06:19:00,cata-warehouse-concepts,differences-between-oltp-and-dw
1114,208,2018-05-15 06:19:00,cata-warehouse-concepts,dw-architecture-cata-warehouse-concepts-73
1115,208,2018-05-15 06:19:00,cata-warehouse-concepts,dw-architecture-cata-warehouse-concepts-73
1116,208,2018-05-15 06:19:00,cata-warehouse-concepts,definition-of-dw-part-one-cata
1117,209,2018-05-25 10:18:00,oracle-sql,dml-scenario-phone-plan-oracle-sql-132
1118,209,2018-05-25 10:18:00,oracle-sql,introduction-to-sql-oracle-sql-102
1119,209,2018-05-25 10:18:00,rdbms,introduction-file
1120,209,2018-05-25 10:18:00,rdbms,expectation-from-you-file-rdbms-25
1121,209,2018-05-25 10:18:00,rdbms,visualizing-retail-business-file-rdbms-29
1122,209,2018-05-25 10:18:00,oracle-sql,introduction-to-sql-oracle-sql-102
1123,209,2018-05-25 10:18:00,rdbms,what-is-data-part-2-file-rdbms-27
1124,210,2018-04-19 07:07:00,rdbms,introduction-file
1125,210,2018-04-19 07:07:00,rdbms,ef-codds-rules-file
1126,210,2018-04-19 07:07:00,business-objects,introduction-to-business-objects-file
1127,210,2018-04-19 07:07:00,business-objects,components-of-bo-file-business-objects-56
1128,210,2018-04-19 07:07:00,cata-warehouse-concepts,before-you-learn-dw-cata-warehouse-concepts-70
1129,210,2018-04-19 07:07:00,cata-warehouse-concepts,introduction-to-dw-cata-warehouse-concepts-71
1130,210,2018-04-19 07:07:00,cata-warehouse-concepts,differences-between-oltp-and-dw
1131,210,2018-04-19 07:07:00,cata-warehouse-concepts,dw-architecture-cata-warehouse-concepts-73
1132,210,2018-04-19 07:07:00,cata-warehouse-concepts,dw-architecture-cata-warehouse-concepts-73
1133,210,2018-04-19 07:07:00,cata-warehouse-concepts,definition-of-dw-part-one-cata
1134,210,2018-04-19 07:07:00,cata-warehouse-concepts,definition-of-datawarehouse-part-ii
1135,210,2018-04-19 07:07:00,cata-warehouse-concepts,definition-of-datawarehouse-part-iii
1136,210,2018-04-19 07:07:00,cata-warehouse-concepts,definition-of-datawarehouse-part-ii
1137,210,2018-04-19 07:07:00,cata-warehouse-concepts,definition-of-datawarehouse-part-iii
1138,210,2018-04-19 07:07:00,cata-warehouse-concepts,different-approaches-to-build-dw
1139,210,2018-04-19 07:07:00,cata-warehouse-concepts,difference-between-dw-and-data-mart
1140,210,2018-04-19 07:07:00,cata-warehouse-concepts,dw-maturity-cata-warehouse-concepts-79
1141,210,2018-04-19 07:07:00,cata-warehouse-concepts,dw-maturity-cata-warehouse-concepts-79
1142,210,2018-04-19 07:07:00,rdbms,introduction-file
1143,210,2018-04-19 07:07:00,cata-warehouse-concepts,data-granularity-cata-warehouse-concepts-80
1144,210,2018-04-19 07:07:00,cata-warehouse-concepts,itroduction-to-etl-extract-transfer-and-load
1145,210,2018-04-19 07:07:00,cata-warehouse-concepts,different-approaches-to-build-dw
1146,210,2018-04-19 07:07:00,cata-warehouse-concepts,dw-maturity-cata-warehouse-concepts-79
1147,210,2018-04-19 07:07:00,cata-warehouse-concepts,data-granularity-cata-warehouse-concepts-80
1148,210,2018-04-19 07:07:00,cata-warehouse-concepts,itroduction-to-etl-extract-transfer-and-load
1149,210,2018-04-19 07:07:00,cata-warehouse-concepts,extract-process-in-etl-layer-cata
1150,210,2018-04-19 07:07:00,cata-warehouse-concepts,extract-process-in-etl-layer-cata
1151,210,2018-04-19 07:07:00,cata-warehouse-concepts,extract-process-in-etl-layer-cata
1152,210,2018-04-19 07:07:00,cata-warehouse-concepts,itroduction-to-etl-extract-transfer-and-load
1153,210,2018-04-19 07:07:00,cata-warehouse-concepts,extract-scenarios-in-etl-layer
1154,210,2018-04-19 07:07:00,cata-warehouse-concepts,extract-process-in-etl-layer-cata
1155,210,2018-04-19 07:07:00,cata-warehouse-concepts,extract-scenarios-in-etl-layer
1156,210,2018-04-19 07:07:00,cata-warehouse-concepts,transformation-process-in-etl-layer4
1157,210,2018-04-19 07:07:00,cata-warehouse-concepts,loading-process-in-etl-layer-cata
1158,210,2018-04-19 07:07:00,cata-warehouse-concepts,data-modeling-in-dw-systems-cata
1159,210,2018-04-19 07:07:00,cata-warehouse-concepts,difference-between-3rd-nf-and
1160,210,2018-04-19 07:07:00,cata-warehouse-concepts,introduction-to-dimensional-modeling
1161,210,2018-04-19 07:07:00,cata-warehouse-concepts,dw-maturity-cata-warehouse-concepts-79
1162,210,2018-04-19 07:07:00,cata-warehouse-concepts,difference-between-3rd-nf-and
1163,210,2018-04-19 07:07:00,cata-warehouse-concepts,introduction-to-dimensional-modeling
1164,210,2018-04-19 07:07:00,cata-warehouse-concepts,star-and-snowflake-schemas-cata
1165,210,2018-04-19 07:07:00,cata-warehouse-concepts,slowly-changing-dimension-scd1
1166,210,2018-04-19 07:07:00,cata-warehouse-concepts,slowly-changing-dimension-scd1
1167,210,2018-04-19 07:07:00,cata-warehouse-concepts,slowly-changing-dimension-scd2
1168,210,2018-04-19 07:07:00,cata-warehouse-concepts,slowly-changing-dimension-scd3
1169,210,2018-04-19 07:07:00,cata-warehouse-concepts,dw-fact-table-cata-warehouse
1170,210,2018-04-19 07:07:00,cata-warehouse-concepts,slowly-changing-dimension-scd1
1171,210,2018-04-19 07:07:00,cata-warehouse-concepts,slowly-changing-dimension-scd2
1172,210,2018-04-19 07:07:00,power-bi,introduction-to-dax-power-bi-238
1173,210,2018-04-19 07:07:00,power-bi,basic-transformations-power-bi-156
1174,210,2018-04-19 07:07:00,power-bi,splitting-columns-power-bi-158
1175,210,2018-04-19 07:07:00,power-bi,working-with-dates-power-bi-160
1176,210,2018-04-19 07:07:00,power-bi,enter-data-power-bi-168
1177,210,2018-04-19 07:07:00,power-bi,create-calculated-columns-power-bi-172
1178,210,2018-04-19 07:07:00,power-bi,introduction-to-dax-power-bi-238
1179,210,2018-04-19 07:07:00,power-bi,enter-data-power-bi-168
1180,210,2018-04-19 07:07:00,power-bi,query-parameters-power-bi-169
1181,210,2018-04-19 07:07:00,power-bi,calculated-tables-power-bi-176
1182,210,2018-04-19 07:07:00,oracle-sql,introduction-to-sql-oracle-sql-102
1183,211,2018-05-25 08:31:00,oracle-sql,sql-simple-join-oracle-sql-121
1184,211,2018-05-25 08:31:00,oracle-plsql,exception-handling-oracle-plsql-135
1185,211,2018-05-25 08:31:00,oracle-plsql,no-data-found-and-update-dml-oracle-plsql-136
1186,211,2018-05-25 08:31:00,oracle-sql,sql-simple-join-oracle-sql-121
1187,213,2018-05-10 01:51:00,rdbms,introduction-file
1188,213,2018-05-10 01:51:00,cata-warehouse-concepts,before-you-learn-dw-cata-warehouse-concepts-70
1189,213,2018-05-10 01:51:00,desktop-intelligence,creating-formula-variables-in-reports
1190,213,2018-05-10 01:51:00,tableau,getting-started
1191,213,2018-05-10 01:51:00,tableau,creating-sets-and-calculations
1192,214,2018-05-19 06:50:00,cata-warehouse-concepts,before-you-learn-dw-cata-warehouse-concepts-70
1193,214,2018-05-19 06:50:00,cata-warehouse-concepts,introduction-to-dw-cata-warehouse-concepts-71
1194,214,2018-05-19 06:50:00,cata-warehouse-concepts,differences-between-oltp-and-dw
1195,214,2018-05-19 06:50:00,cata-warehouse-concepts,dw-architecture-cata-warehouse-concepts-73
1196,214,2018-05-19 06:50:00,cata-warehouse-concepts,differences-between-oltp-and-dw
1197,214,2018-05-19 06:50:00,cata-warehouse-concepts,definition-of-dw-part-one-cata
1198,214,2018-05-19 06:50:00,cata-warehouse-concepts,definition-of-dw-part-one-cata
1199,214,2018-05-19 06:50:00,cata-warehouse-concepts,dw-architecture-cata-warehouse-concepts-73
1200,214,2018-05-19 06:50:00,cata-warehouse-concepts,definition-of-dw-part-one-cata
1201,214,2018-05-19 06:50:00,cata-warehouse-concepts,definition-of-dw-part-one-cata
1202,214,2018-05-19 06:50:00,cata-warehouse-concepts,definition-of-datawarehouse-part-ii
1203,214,2018-05-19 06:50:00,cata-warehouse-concepts,definition-of-datawarehouse-part-iii
1204,214,2018-05-19 06:50:00,cata-warehouse-concepts,different-approaches-to-build-dw
1205,214,2018-05-19 06:50:00,cata-warehouse-concepts,difference-between-dw-and-data-mart
1206,214,2018-05-19 06:50:00,cata-warehouse-concepts,dw-maturity-cata-warehouse-concepts-79
1207,214,2018-05-19 06:50:00,cata-warehouse-concepts,data-granularity-cata-warehouse-concepts-80
1208,214,2018-05-19 06:50:00,cata-warehouse-concepts,data-granularity-cata-warehouse-concepts-80
1209,214,2018-05-19 06:50:00,cata-warehouse-concepts,itroduction-to-etl-extract-transfer-and-load
1210,214,2018-05-19 06:50:00,cata-warehouse-concepts,itroduction-to-etl-extract-transfer-and-load
1211,214,2018-05-19 06:50:00,cata-warehouse-concepts,itroduction-to-etl-extract-transfer-and-load
1212,214,2018-05-19 06:50:00,cata-warehouse-concepts,itroduction-to-etl-extract-transfer-and-load
1213,214,2018-05-19 06:50:00,cata-warehouse-concepts,extract-process-in-etl-layer-cata
1214,214,2018-05-19 06:50:00,cata-warehouse-concepts,extract-scenarios-in-etl-layer
1215,214,2018-05-19 06:50:00,cata-warehouse-concepts,transformation-process-in-etl-layer4
1216,214,2018-05-19 06:50:00,cata-warehouse-concepts,different-transformations-in-etl-cata
1217,214,2018-05-19 06:50:00,cata-warehouse-concepts,dw-maturity-cata-warehouse-concepts-79
1218,214,2018-05-19 06:50:00,cata-warehouse-concepts,transformation-process-in-etl-layer4
1219,214,2018-05-19 06:50:00,cata-warehouse-concepts,slowly-changing-dimension-scd1
1220,214,2018-05-19 06:50:00,cata-warehouse-concepts,slowly-changing-dimension-scd2
1221,214,2018-05-19 06:50:00,cata-warehouse-concepts,different-transformations-in-etl-cata
1222,214,2018-05-19 06:50:00,cata-warehouse-concepts,loading-process-in-etl-layer-cata
1223,214,2018-05-19 06:50:00,cata-warehouse-concepts,loading-process-in-etl-layer-cata
1224,214,2018-05-19 06:50:00,cata-warehouse-concepts,data-modeling-in-dw-systems-cata
1225,214,2018-05-19 06:50:00,cata-warehouse-concepts,data-modeling-in-dw-systems-cata
1226,214,2018-05-19 06:50:00,cata-warehouse-concepts,difference-between-3rd-nf-and
1227,214,2018-05-19 06:50:00,cata-warehouse-concepts,introduction-to-dimensional-modeling
1228,214,2018-05-19 06:50:00,rdbms,identifying-entities-assignment-rdbms-49
1229,214,2018-05-19 06:50:00,rdbms,entities-and-relationships-assignment-rdbms-50
1230,214,2018-05-19 06:50:00,rdbms,rdbms-concepts-quiz-rdbms-54
1231,215,2018-05-20 13:53:00,rdbms,types-of-databases-file-rdbms-31
1232,215,2018-05-20 13:53:00,rdbms,types-of-databases-file-rdbms-31
1233,215,2018-05-20 13:53:00,oracle-plsql,cursor-scenario-customer-grading-par
1234,215,2018-05-20 13:53:00,oracle-plsql,sample-pl-sql-block-oracle-plsql-134
1235,215,2018-05-20 13:53:00,oracle-plsql,exception-handling-oracle-plsql-135
1236,215,2018-05-20 13:53:00,oracle-plsql,exception-part-one-oracle-plsql-143
1237,215,2018-05-20 13:53:00,oracle-plsql,exception-part-two-oracle-plsql-144
1238,215,2018-05-20 13:53:00,integration-services,basic-transformations-integration-services-349
1239,215,2018-05-20 13:53:00,integration-services,variables-integration-services-350
1240,215,2018-05-20 13:53:00,integration-services,expressions-integration-services-352
1241,215,2018-05-20 13:53:00,power-bi,introduction-to-power-bi-power-bi-151
1242,216,2018-05-13 14:38:00,oracle-sql,introduction-to-sql-oracle-sql-102
1243,216,2018-05-13 14:38:00,oracle-sql,introduction-to-sql-oracle-sql-102
1244,216,2018-05-13 14:38:00,oracle-sql,introduction-to-sql-oracle-sql-102
1245,216,2018-05-13 14:38:00,oracle-sql,introduction-to-sql-oracle-sql-102
1246,216,2018-05-13 14:38:00,oracle-sql,introduction-to-sql-oracle-sql-102
1247,216,2018-05-13 14:38:00,rdbms,introduction-file
1248,216,2018-05-13 14:38:00,cata-warehouse-concepts,before-you-learn-dw-cata-warehouse-concepts-70
1249,216,2018-05-13 14:38:00,rdbms,what-is-data-part-1-file-rdbms-26
1250,216,2018-05-13 14:38:00,rdbms,what-is-data-part-2-file-rdbms-27
1251,216,2018-05-13 14:38:00,rdbms,entities-file-rdbms-28
1252,216,2018-05-13 14:38:00,rdbms,visualizing-retail-business-file-rdbms-29
1253,216,2018-05-13 14:38:00,rdbms,databases-file-rdbms-30
1254,216,2018-05-13 14:38:00,rdbms,types-of-databases-file-rdbms-31
1255,216,2018-05-13 14:38:00,rdbms,relational-dbms-file-rdbms-32
1256,216,2018-05-13 14:38:00,rdbms,rdbms-products-in-the-market-file-rdbms-33
1257,216,2018-05-13 14:38:00,rdbms,identifying-entities-assignment-rdbms-49
1258,216,2018-05-13 14:38:00,rdbms,entities-and-relationships-assignment-rdbms-50
1259,216,2018-05-13 14:38:00,rdbms,rdbms-concepts-quiz-rdbms-54
1260,216,2018-05-13 14:38:00,rdbms,three-types-of-relationships-file-rdbms-34
1261,216,2018-05-13 14:38:00,rdbms,entities-and-relationships-example-file-rdbms-35
1262,216,2018-05-13 14:38:00,rdbms,visualizing-data-file-rdbms-36
1263,216,2018-05-13 14:38:00,rdbms,tables-in-rdbms-file-rdbms-37
1264,216,2018-05-13 14:38:00,rdbms,entities-and-relationships-example-file-rdbms-35
1265,216,2018-05-13 14:38:00,rdbms,visualizing-data-file-rdbms-36
1266,216,2018-05-13 14:38:00,rdbms,tables-in-rdbms-file-rdbms-37
1267,216,2018-05-13 14:38:00,rdbms,primary-key-foreign-key-file-rdbms-38
1268,216,2018-05-13 14:38:00,rdbms,ef-codds-rules-file
1269,216,2018-05-13 14:38:00,rdbms,what-is-a-transaction-file-rdbms-40
1270,216,2018-05-13 14:38:00,rdbms,acid-property-file-rdbms-41
1271,216,2018-05-13 14:38:00,rdbms,conceptual-model-file-rdbms-42
1272,216,2018-05-13 14:38:00,rdbms,sample-conceptual-model-file-rdbms-43
1273,216,2018-05-13 14:38:00,rdbms,representing-relationship-in-logical-and
1274,216,2018-05-13 14:38:00,rdbms,sample-logical-model-file-rdbms-45
1275,216,2018-05-13 14:38:00,rdbms,sample-questions-from-business-file-rdbms-46
1276,216,2018-05-13 14:38:00,rdbms,next-steps-file-rdbms-47
1277,216,2018-05-13 14:38:00,rdbms,show-only-topic-1-rdbms-48
1278,216,2018-05-13 14:38:00,rdbms,rdbms-concepts-assignment-rdbms-52
1279,216,2018-05-13 14:38:00,rdbms,project-rdbms-53
1280,216,2018-05-13 14:38:00,rdbms,rdbms-concepts-quiz-rdbms-54
1281,216,2018-05-13 14:38:00,rdbms,introduction-file
1282,216,2018-05-13 14:38:00,rdbms,expectation-from-you-file-rdbms-25
1283,216,2018-05-13 14:38:00,rdbms,what-is-data-part-1-file-rdbms-26
1284,216,2018-05-13 14:38:00,rdbms,entities-file-rdbms-28
1285,216,2018-05-13 14:38:00,rdbms,databases-file-rdbms-30
1286,216,2018-05-13 14:38:00,rdbms,visualizing-retail-business-file-rdbms-29
1287,216,2018-05-13 14:38:00,rdbms,relational-dbms-file-rdbms-32
1288,216,2018-05-13 14:38:00,rdbms,rdbms-products-in-the-market-file-rdbms-33
1289,216,2018-05-13 14:38:00,rdbms,sample-conceptual-model-file-rdbms-43
1290,216,2018-05-13 14:38:00,rdbms,conceptual-model-file-rdbms-42
1291,216,2018-05-13 14:38:00,rdbms,sample-logical-model-file-rdbms-45
1292,216,2018-05-13 14:38:00,rdbms,expectation-from-you-file-rdbms-25
1293,216,2018-05-13 14:38:00,rdbms,what-is-data-part-1-file-rdbms-26
1294,216,2018-05-13 14:38:00,rdbms,entities-file-rdbms-28
1295,216,2018-05-13 14:38:00,rdbms,visualizing-retail-business-file-rdbms-29
1296,217,2018-05-09 07:35:00,rdbms,introduction-file
1297,217,2018-05-09 07:35:00,rdbms,expectation-from-you-file-rdbms-25
1298,217,2018-05-09 07:35:00,rdbms,expectation-from-you-file-rdbms-25
1299,218,2018-01-23 06:37:00,micro-strategy,set-qualification-filters-micro-strategy
1300,218,2018-01-23 06:37:00,oracle-sql,introduction-to-sql-oracle-sql-102
1301,218,2018-01-23 06:37:00,tableau,getting-started
1302,218,2018-01-23 06:37:00,cognos,creating-project-and-namespace-cognos-453
1303,218,2018-01-23 06:37:00,cognos,creating-project-and-namespace-cognos-453
1304,218,2018-01-23 06:37:00,oracle-sql,introduction-to-sql-oracle-sql-102
1305,218,2018-01-23 06:37:00,oracle-sql,select-string-function-part-ii-oracle-sql-127
1306,219,2018-05-27 13:55:00,cata-warehouse-concepts,introduction-to-dw-cata-warehouse-concepts-71
1307,219,2018-05-27 13:55:00,cata-warehouse-concepts,introduction-to-dw-cata-warehouse-concepts-71
1308,219,2018-05-27 13:55:00,oracle-sql,introduction-to-sql-oracle-sql-102
1309,219,2018-05-27 13:55:00,cata-warehouse-concepts,before-you-learn-dw-cata-warehouse-concepts-70
1310,219,2018-05-27 13:55:00,cata-warehouse-concepts,before-you-learn-dw-cata-warehouse-concepts-70
1311,219,2018-05-27 13:55:00,oracle-sql,select-statement-subquery-oracle-sql-115
1312,219,2018-05-27 13:55:00,oracle-sql,select-date-functions-oracle-sql-124
1313,219,2018-05-27 13:55:00,cata-warehouse-concepts,differences-between-oltp-and-dw
1314,219,2018-05-27 13:55:00,cata-warehouse-concepts,introduction-to-dw-cata-warehouse-concepts-71
1315,219,2018-05-27 13:55:00,cata-warehouse-concepts,differences-between-oltp-and-dw
1316,219,2018-05-27 13:55:00,cata-warehouse-concepts,dw-architecture-cata-warehouse-concepts-73
1317,219,2018-05-27 13:55:00,cata-warehouse-concepts,definition-of-dw-part-one-cata
1318,219,2018-05-27 13:55:00,cata-warehouse-concepts,definition-of-datawarehouse-part-ii
1319,219,2018-05-27 13:55:00,tableau,creating-sets-and-calculations
1320,219,2018-05-27 13:55:00,tableau,getting-started
1321,219,2018-05-27 13:55:00,tableau,creating-sets-and-calculations
1322,219,2018-05-27 13:55:00,tableau,tableau-architecture-and-product-suite-details-tab
1323,219,2018-05-27 13:55:00,tableau,tree-maps-tableau
1324,219,2018-05-27 13:55:00,tableau,tree-maps-tableau
1325,219,2018-05-27 13:55:00,tableau,top-n-analysis-sorting-tableau
1326,219,2018-05-27 13:55:00,tableau,top-n-analysis-sorting-tableau
1327,219,2018-05-27 13:55:00,tableau,parameters-part-1-tableau
1328,219,2018-05-27 13:55:00,tableau,parameters-part-1-tableau
1329,219,2018-05-27 13:55:00,cata-warehouse-concepts,dw-architecture-cata-warehouse-concepts-73
1330,219,2018-05-27 13:55:00,cata-warehouse-concepts,differences-between-oltp-and-dw
1331,219,2018-05-27 13:55:00,cata-warehouse-concepts,introduction-to-dw-cata-warehouse-concepts-71
1332,219,2018-05-27 13:55:00,cata-warehouse-concepts,dw-architecture-cata-warehouse-concepts-73
1333,219,2018-05-27 13:55:00,cata-warehouse-concepts,extract-process-in-etl-layer-cata
1334,219,2018-05-27 13:55:00,cata-warehouse-concepts,differences-between-oltp-and-dw
1335,219,2018-05-27 13:55:00,cata-warehouse-concepts,different-approaches-to-build-dw
1336,219,2018-05-27 13:55:00,cata-warehouse-concepts,difference-between-dw-and-data-mart
1337,219,2018-05-27 13:55:00,cata-warehouse-concepts,difference-between-dw-and-data-mart
1338,219,2018-05-27 13:55:00,cata-warehouse-concepts,dw-maturity-cata-warehouse-concepts-79
1339,219,2018-05-27 13:55:00,oracle-sql,select-date-functions-oracle-sql-124
1340,219,2018-05-27 13:55:00,oracle-sql,select-string-functions-oracle-sql-126
1341,219,2018-05-27 13:55:00,oracle-sql,select-more-about-joins-oracle-sql-130
1342,220,2018-02-05 08:54:00,cognos,creating-filters-and-calculated-columns-cognos
1343,220,2018-02-05 08:54:00,oracle-sql,introduction-to-sql-oracle-sql-102
1344,220,2018-02-05 08:54:00,oracle-sql,introduction-to-sql-oracle-sql-102
1345,220,2018-02-05 08:54:00,oracle-sql,introduction-to-sql-oracle-sql-102
1346,220,2018-02-05 08:54:00,oracle-sql,introduction-to-sql-oracle-sql-102
1347,220,2018-02-05 08:54:00,cognos,creating-filters-and-calculated-columns-cognos
1348,220,2018-02-05 08:54:00,oracle-sql,introduction-to-sql-oracle-sql-102
1349,220,2018-02-05 08:54:00,oracle-sql,introduction-to-sql-oracle-sql-102
1350,220,2018-02-05 08:54:00,oracle-sql,sql_class_expectation-oracle-sql-103
1351,220,2018-02-05 08:54:00,oracle-sql,understanding-oracle-database-connectivity
1352,220,2018-02-05 08:54:00,oracle-sql,sql-introduction-and-types-of-sql-statem
1353,220,2018-02-05 08:54:00,oracle-sql,introduction_to_application-oracle-sql-106
1354,220,2018-02-05 08:54:00,oracle-sql,data-definition-language-oracle-sql-107
1355,220,2018-02-05 08:54:00,oracle-sql,data-manipulation-language-customer-oracle-sql-108
1356,220,2018-02-05 08:54:00,oracle-sql,writing-simple-select-statements-oracle-sql-109
1357,220,2018-02-05 08:54:00,oracle-sql,data-manipulation-language-oracle-sql-110
1358,220,2018-02-05 08:54:00,oracle-sql,dml-scenario-phone-plan-oracle-sql-132
1359,220,2018-02-05 08:54:00,oracle-sql,writing-simple-select-statements
1360,220,2018-02-05 08:54:00,oracle-sql,writing-simple-select-clause
1361,220,2018-02-05 08:54:00,oracle-sql,select-statement-dealing-part1-oracle-sql-113
1362,220,2018-02-05 08:54:00,oracle-sql,select-statement-dealing-part2-oracle-sql-114
1363,220,2018-02-05 08:54:00,oracle-sql,select-statement-subquery-oracle-sql-115
1364,220,2018-02-05 08:54:00,oracle-sql,introduction-to-aggregate-functions-part-i
1365,220,2018-02-05 08:54:00,oracle-sql,introduction-to-aggregate-functions
1366,220,2018-02-05 08:54:00,oracle-sql,group-by-and-having-clause-oracle-sql-118
1367,220,2018-02-05 08:54:00,oracle-sql,writing-different-queries-on
1368,220,2018-02-05 08:54:00,oracle-sql,group-by-and-having-clause-partii-oracle-sql-120
1369,220,2018-02-05 08:54:00,oracle-sql,introduction-to-sql-oracle-sql-102
1370,220,2018-02-05 08:54:00,cata-warehouse-concepts,before-you-learn-dw-cata-warehouse-concepts-70
1371,220,2018-02-05 08:54:00,rdbms,introduction-file
1372,220,2018-02-05 08:54:00,oracle-sql,introduction-to-sql-oracle-sql-102
1373,220,2018-02-05 08:54:00,rdbms,introduction-file
1374,220,2018-02-05 08:54:00,oracle-sql,introduction-to-sql-oracle-sql-102
1375,220,2018-02-05 08:54:00,rdbms,introduction-file
1376,220,2018-02-05 08:54:00,oracle-sql,introduction-to-sql-oracle-sql-102
1377,220,2018-02-05 08:54:00,cata-warehouse-concepts,before-you-learn-dw-cata-warehouse-concepts-70
1378,220,2018-02-05 08:54:00,cata-warehouse-concepts,before-you-learn-dw-cata-warehouse-concepts-70
1379,220,2018-02-05 08:54:00,oracle-sql,introduction-to-sql-oracle-sql-102
1380,220,2018-02-05 08:54:00,oracle-sql,introduction-to-sql-oracle-sql-102
1381,220,2018-02-05 08:54:00,oracle-sql,introduction-to-sql-oracle-sql-102
1382,221,2018-05-27 06:18:00,rdbms,introduction-file
1383,221,2018-05-27 06:18:00,rdbms,expectation-from-you-file-rdbms-25
1384,221,2018-05-27 06:18:00,rdbms,what-is-data-part-1-file-rdbms-26
1385,221,2018-05-27 06:18:00,rdbms,what-is-data-part-1-file-rdbms-26
1386,221,2018-05-27 06:18:00,rdbms,what-is-data-part-2-file-rdbms-27
1387,221,2018-05-27 06:18:00,rdbms,what-is-data-part-2-file-rdbms-27
1388,221,2018-05-27 06:18:00,rdbms,entities-file-rdbms-28
1389,221,2018-05-27 06:18:00,rdbms,visualizing-retail-business-file-rdbms-29
1390,221,2018-05-27 06:18:00,rdbms,databases-file-rdbms-30
1391,221,2018-05-27 06:18:00,rdbms,types-of-databases-file-rdbms-31
1392,221,2018-05-27 06:18:00,rdbms,types-of-databases-file-rdbms-31
1393,221,2018-05-27 06:18:00,rdbms,relational-dbms-file-rdbms-32
1394,221,2018-05-27 06:18:00,rdbms,relational-dbms-file-rdbms-32
1395,221,2018-05-27 06:18:00,rdbms,rdbms-products-in-the-market-file-rdbms-33
1396,221,2018-05-27 06:18:00,rdbms,three-types-of-relationships-file-rdbms-34
1397,221,2018-05-27 06:18:00,rdbms,entities-and-relationships-example-file-rdbms-35
1398,221,2018-05-27 06:18:00,rdbms,three-types-of-relationships-file-rdbms-34
1399,221,2018-05-27 06:18:00,rdbms,visualizing-data-file-rdbms-36
1400,221,2018-05-27 06:18:00,rdbms,ef-codds-rules-file
1401,221,2018-05-27 06:18:00,rdbms,primary-key-foreign-key-file-rdbms-38
1402,221,2018-05-27 06:18:00,rdbms,primary-key-foreign-key-file-rdbms-38
1403,221,2018-05-27 06:18:00,rdbms,ef-codds-rules-file
1404,221,2018-05-27 06:18:00,cognos,creating-project-and-namespace-cognos-453
1405,221,2018-05-27 06:18:00,cata-warehouse-concepts,before-you-learn-dw-cata-warehouse-concepts-70
1406,221,2018-05-27 06:18:00,cata-warehouse-concepts,introduction-to-dw-cata-warehouse-concepts-71
1407,221,2018-05-27 06:18:00,cata-warehouse-concepts,differences-between-oltp-and-dw
1408,221,2018-05-27 06:18:00,cata-warehouse-concepts,dw-architecture-cata-warehouse-concepts-73
1409,221,2018-05-27 06:18:00,cata-warehouse-concepts,definition-of-dw-part-one-cata
1410,221,2018-05-27 06:18:00,cata-warehouse-concepts,definition-of-dw-part-one-cata
1411,221,2018-05-27 06:18:00,cata-warehouse-concepts,definition-of-datawarehouse-part-ii
1412,221,2018-05-27 06:18:00,cata-warehouse-concepts,definition-of-datawarehouse-part-iii
1413,221,2018-05-27 06:18:00,cata-warehouse-concepts,different-approaches-to-build-dw
1414,221,2018-05-27 06:18:00,cata-warehouse-concepts,difference-between-dw-and-data-mart
1415,221,2018-05-27 06:18:00,cata-warehouse-concepts,different-approaches-to-build-dw
1416,221,2018-05-27 06:18:00,cata-warehouse-concepts,dw-maturity-cata-warehouse-concepts-79
1417,221,2018-05-27 06:18:00,cata-warehouse-concepts,definition-of-dw-part-one-cata
1418,221,2018-05-27 06:18:00,cata-warehouse-concepts,definition-of-datawarehouse-part-ii
1419,221,2018-05-27 06:18:00,cata-warehouse-concepts,dw-maturity-cata-warehouse-concepts-79
1420,221,2018-05-27 06:18:00,cata-warehouse-concepts,difference-between-dw-and-data-mart
1421,221,2018-05-27 06:18:00,cata-warehouse-concepts,dw-maturity-cata-warehouse-concepts-79
1422,221,2018-05-27 06:18:00,cata-warehouse-concepts,dw-maturity-cata-warehouse-concepts-79
1423,221,2018-05-27 06:18:00,cata-warehouse-concepts,data-granularity-cata-warehouse-concepts-80
1424,221,2018-05-27 06:18:00,cata-warehouse-concepts,itroduction-to-etl-extract-transfer-and-load
1425,221,2018-05-27 06:18:00,cata-warehouse-concepts,extract-process-in-etl-layer-cata
1426,221,2018-05-27 06:18:00,cata-warehouse-concepts,dw-maturity-cata-warehouse-concepts-79
1427,221,2018-05-27 06:18:00,cata-warehouse-concepts,data-granularity-cata-warehouse-concepts-80
1428,221,2018-05-27 06:18:00,cata-warehouse-concepts,itroduction-to-etl-extract-transfer-and-load
1429,221,2018-05-27 06:18:00,cata-warehouse-concepts,dw-maturity-cata-warehouse-concepts-79
1430,221,2018-05-27 06:18:00,cata-warehouse-concepts,itroduction-to-etl-extract-transfer-and-load
1431,221,2018-05-27 06:18:00,cata-warehouse-concepts,itroduction-to-etl-extract-transfer-and-load
1432,221,2018-05-27 06:18:00,cata-warehouse-concepts,extract-process-in-etl-layer-cata
1433,221,2018-05-27 06:18:00,cata-warehouse-concepts,extract-scenarios-in-etl-layer
1434,221,2018-05-27 06:18:00,tableau,getting-started
1435,221,2018-05-27 06:18:00,tableau,dynamic-calculation-tableau
1436,221,2018-05-27 06:18:00,tableau,histograms-using-bins-tableau
1437,221,2018-05-27 06:18:00,tableau,getting-started
1438,221,2018-05-27 06:18:00,tableau,getting-started
1439,221,2018-05-27 06:18:00,tableau,creating-sets-and-calculations
1440,221,2018-05-27 06:18:00,tableau,getting-started
1441,221,2018-05-27 06:18:00,tableau,top-n-analysis-sorting-tableau
1442,221,2018-05-27 06:18:00,tableau,tableau-architecture-and-product-suite-details-tab
1443,221,2018-05-27 06:18:00,tableau,top-n-analysis-sorting-tableau
1444,221,2018-05-27 06:18:00,tableau,tableau-architecture-and-product-suite-details-tab
1445,221,2018-05-27 06:18:00,tableau,top-n-analysis-sorting-tableau
1446,221,2018-05-27 06:18:00,tableau,top-n-analysis-sorting-tableau
1447,222,2018-05-27 04:58:00,rdbms,entities-and-relationships-example-file-rdbms-35
1448,222,2018-05-27 04:58:00,oracle-plsql,introduction-to-pl-sql-oracle-plsql-133
1449,222,2018-05-27 04:58:00,rdbms,what-is-data-part-1-file-rdbms-26
1450,222,2018-05-27 04:58:00,rdbms,what-is-data-part-2-file-rdbms-27
1451,222,2018-05-27 04:58:00,rdbms,what-is-data-part-2-file-rdbms-27
1452,222,2018-05-27 04:58:00,rdbms,entities-file-rdbms-28
1453,222,2018-05-27 04:58:00,rdbms,visualizing-retail-business-file-rdbms-29
1454,222,2018-05-27 04:58:00,rdbms,databases-file-rdbms-30
1455,222,2018-05-27 04:58:00,rdbms,types-of-databases-file-rdbms-31
1456,222,2018-05-27 04:58:00,rdbms,relational-dbms-file-rdbms-32
1457,222,2018-05-27 04:58:00,rdbms,rdbms-products-in-the-market-file-rdbms-33
1458,222,2018-05-27 04:58:00,rdbms,three-types-of-relationships-file-rdbms-34
1459,222,2018-05-27 04:58:00,rdbms,entities-and-relationships-example-file-rdbms-35
1460,222,2018-05-27 04:58:00,cata-warehouse-concepts,difference-between-3rd-nf-and
1461,222,2018-05-27 04:58:00,rdbms,visualizing-data-file-rdbms-36
1462,222,2018-05-27 04:58:00,rdbms,tables-in-rdbms-file-rdbms-37
1463,222,2018-05-27 04:58:00,rdbms,primary-key-foreign-key-file-rdbms-38
1464,222,2018-05-27 04:58:00,rdbms,project-rdbms-53
1465,222,2018-05-27 04:58:00,rdbms,rdbms-concepts-assignment-rdbms-52
1466,222,2018-05-27 04:58:00,rdbms,visualize-data-assignment-rdbms-51
1467,222,2018-05-27 04:58:00,rdbms,ef-codds-rules-file
1468,222,2018-05-27 04:58:00,rdbms,what-is-a-transaction-file-rdbms-40
1469,222,2018-05-27 04:58:00,rdbms,acid-property-file-rdbms-41
1470,222,2018-05-27 04:58:00,rdbms,conceptual-model-file-rdbms-42
1471,222,2018-05-27 04:58:00,rdbms,sample-conceptual-model-file-rdbms-43
1472,222,2018-05-27 04:58:00,rdbms,representing-relationship-in-logical-and
1473,222,2018-05-27 04:58:00,rdbms,sample-logical-model-file-rdbms-45
1474,222,2018-05-27 04:58:00,rdbms,sample-questions-from-business-file-rdbms-46
1475,222,2018-05-27 04:58:00,rdbms,next-steps-file-rdbms-47
1476,222,2018-05-27 04:58:00,rdbms,show-only-topic-1-rdbms-48
1477,222,2018-05-27 04:58:00,oracle-plsql,plsql-quiz-oracle-plsql-150
1478,222,2018-05-27 04:58:00,integration-services,performing-basic-tasks-integration-services-348
1479,222,2018-05-27 04:58:00,integration-services,performing-basic-tasks-integration-services-348
1480,222,2018-05-27 04:58:00,cata-warehouse-concepts,introduction-to-dw-cata-warehouse-concepts-71
1481,222,2018-05-27 04:58:00,cata-warehouse-concepts,differences-between-oltp-and-dw
1482,222,2018-05-27 04:58:00,power-bi,introduction-to-power-bi-power-bi-151
1483,222,2018-05-27 04:58:00,cata-warehouse-concepts,introduction-to-dw-cata-warehouse-concepts-71
1484,222,2018-05-27 04:58:00,tableau,getting-started
1485,222,2018-05-27 04:58:00,integration-services,getting-started-integration-services-347
1486,222,2018-05-27 04:58:00,cata-warehouse-concepts,differences-between-oltp-and-dw
1487,222,2018-05-27 04:58:00,cata-warehouse-concepts,dw-architecture-cata-warehouse-concepts-73
1488,222,2018-05-27 04:58:00,cata-warehouse-concepts,dw-architecture-cata-warehouse-concepts-73
1489,222,2018-05-27 04:58:00,cata-warehouse-concepts,definition-of-dw-part-one-cata
1490,222,2018-05-27 04:58:00,oracle-sql,introduction-to-sql-oracle-sql-102
1491,222,2018-05-27 04:58:00,oracle-sql,sql_class_expectation-oracle-sql-103
1492,222,2018-05-27 04:58:00,oracle-sql,sql_class_expectation-oracle-sql-103
1493,222,2018-05-27 04:58:00,oracle-sql,introduction-to-sql-oracle-sql-102
1494,222,2018-05-27 04:58:00,oracle-sql,introduction-to-sql-oracle-sql-102
1495,222,2018-05-27 04:58:00,oracle-sql,introduction-to-sql-oracle-sql-102
1496,222,2018-05-27 04:58:00,cata-warehouse-concepts,dw-architecture-cata-warehouse-concepts-73
1497,222,2018-05-27 04:58:00,cata-warehouse-concepts,definition-of-dw-part-one-cata
1498,222,2018-05-27 04:58:00,cata-warehouse-concepts,definition-of-datawarehouse-part-ii
1499,222,2018-05-27 04:58:00,cata-warehouse-concepts,definition-of-dw-part-one-cata
1500,222,2018-05-27 04:58:00,cata-warehouse-concepts,definition-of-datawarehouse-part-ii
1501,222,2018-05-27 04:58:00,cata-warehouse-concepts,definition-of-datawarehouse-part-iii
1502,222,2018-05-27 04:58:00,cata-warehouse-concepts,different-approaches-to-build-dw
1503,222,2018-05-27 04:58:00,rdbms,what-is-data-part-1-file-rdbms-26
1504,222,2018-05-27 04:58:00,rdbms,sample-logical-model-file-rdbms-45
1505,222,2018-05-27 04:58:00,cata-warehouse-concepts,definition-of-datawarehouse-part-ii
1506,222,2018-05-27 04:58:00,cata-warehouse-concepts,definition-of-datawarehouse-part-iii
1507,222,2018-05-27 04:58:00,cata-warehouse-concepts,different-approaches-to-build-dw
1508,222,2018-05-27 04:58:00,oracle-sql,sql_class_expectation-oracle-sql-103
1509,222,2018-05-27 04:58:00,oracle-sql,understanding-oracle-database-connectivity
1510,222,2018-05-27 04:58:00,oracle-sql,sql-introduction-and-types-of-sql-statem
1511,222,2018-05-27 04:58:00,oracle-sql,sql-introduction-and-types-of-sql-statem
1512,222,2018-05-27 04:58:00,oracle-sql,understanding-oracle-database-connectivity
1513,222,2018-05-27 04:58:00,oracle-sql,sql-introduction-and-types-of-sql-statem
1514,222,2018-05-27 04:58:00,oracle-sql,introduction_to_application-oracle-sql-106
1515,222,2018-05-27 04:58:00,oracle-sql,data-definition-language-oracle-sql-107
1516,222,2018-05-27 04:58:00,oracle-sql,data-manipulation-language-customer-oracle-sql-108
1517,222,2018-05-27 04:58:00,oracle-sql,writing-simple-select-statements-oracle-sql-109
1518,222,2018-05-27 04:58:00,oracle-sql,data-manipulation-language-oracle-sql-110
1519,222,2018-05-27 04:58:00,oracle-sql,dml-scenario-phone-plan-oracle-sql-132
1520,222,2018-05-27 04:58:00,oracle-sql,writing-simple-select-statements
1521,222,2018-05-27 04:58:00,oracle-sql,writing-simple-select-clause
1522,222,2018-05-27 04:58:00,oracle-sql,select-statement-dealing-part1-oracle-sql-113
1523,222,2018-05-27 04:58:00,oracle-sql,select-statement-dealing-part2-oracle-sql-114
1524,222,2018-05-27 04:58:00,oracle-sql,select-statement-subquery-oracle-sql-115
1525,222,2018-05-27 04:58:00,oracle-sql,introduction-to-aggregate-functions-part-i
1526,222,2018-05-27 04:58:00,oracle-sql,introduction-to-aggregate-functions
1527,222,2018-05-27 04:58:00,oracle-sql,group-by-and-having-clause-oracle-sql-118
1528,222,2018-05-27 04:58:00,oracle-sql,writing-different-queries-on
1529,222,2018-05-27 04:58:00,oracle-sql,group-by-and-having-clause-partii-oracle-sql-120
1530,222,2018-05-27 04:58:00,oracle-sql,sql-simple-join-oracle-sql-121
1531,222,2018-05-27 04:58:00,oracle-sql,select-simple-join-partii-oracle-sql-122
1532,222,2018-05-27 04:58:00,oracle-sql,select-outer-join-oracle-sql-123
1533,222,2018-05-27 04:58:00,oracle-sql,select-date-functions-oracle-sql-124
1534,222,2018-05-27 04:58:00,oracle-sql,select-number-functions-oracle-sql-125
1535,222,2018-05-27 04:58:00,oracle-sql,select-string-functions-oracle-sql-126
1536,222,2018-05-27 04:58:00,oracle-sql,select-string-function-part-ii-oracle-sql-127
1537,222,2018-05-27 04:58:00,oracle-sql,select-simple-join-three-tables-oracle-sql-128
1538,222,2018-05-27 04:58:00,oracle-sql,select-full-outer-join-oracle-sql-129
1539,222,2018-05-27 04:58:00,oracle-sql,select-more-about-joins-oracle-sql-130
1540,222,2018-05-27 04:58:00,oracle-sql,sql-and-oracle-quiz-oracle-sql-131
1541,222,2018-05-27 04:58:00,oracle-sql,sql-and-oracle-quiz-oracle-sql-131
1542,222,2018-05-27 04:58:00,cata-warehouse-concepts,different-approaches-to-build-dw
1543,222,2018-05-27 04:58:00,cata-warehouse-concepts,different-approaches-to-build-dw
1544,222,2018-05-27 04:58:00,cata-warehouse-concepts,difference-between-dw-and-data-mart
1545,222,2018-05-27 04:58:00,cata-warehouse-concepts,dw-maturity-cata-warehouse-concepts-79
1546,222,2018-05-27 04:58:00,cata-warehouse-concepts,dw-maturity-cata-warehouse-concepts-79
1547,222,2018-05-27 04:58:00,cata-warehouse-concepts,dw-maturity-cata-warehouse-concepts-79
1548,222,2018-05-27 04:58:00,cata-warehouse-concepts,data-granularity-cata-warehouse-concepts-80
1549,222,2018-05-27 04:58:00,cata-warehouse-concepts,itroduction-to-etl-extract-transfer-and-load
1550,222,2018-05-27 04:58:00,cata-warehouse-concepts,extract-process-in-etl-layer-cata
1551,222,2018-05-27 04:58:00,cata-warehouse-concepts,extract-scenarios-in-etl-layer
1552,222,2018-05-27 04:58:00,cata-warehouse-concepts,transformation-process-in-etl-layer4
1553,222,2018-05-27 04:58:00,cata-warehouse-concepts,different-transformations-in-etl-cata
1554,222,2018-05-27 04:58:00,cata-warehouse-concepts,data-modeling-in-dw-systems-cata
1555,222,2018-05-27 04:58:00,cata-warehouse-concepts,different-transformations-in-etl-cata
1556,222,2018-05-27 04:58:00,cata-warehouse-concepts,loading-process-in-etl-layer-cata
1557,222,2018-05-27 04:58:00,cata-warehouse-concepts,loading-process-in-etl-layer-cata
1558,222,2018-05-27 04:58:00,cata-warehouse-concepts,data-modeling-in-dw-systems-cata
1559,222,2018-05-27 04:58:00,cata-warehouse-concepts,difference-between-3rd-nf-and
1560,222,2018-05-27 04:58:00,cata-warehouse-concepts,introduction-to-dimensional-modeling
1561,222,2018-05-27 04:58:00,cata-warehouse-concepts,star-and-snowflake-schemas-cata
1562,222,2018-05-27 04:58:00,cata-warehouse-concepts,star-and-snowflake-schemas-cata
1563,222,2018-05-27 04:58:00,cata-warehouse-concepts,star-and-snowflake-schemas-cata
1564,222,2018-05-27 04:58:00,cata-warehouse-concepts,difference-between-3rd-nf-and
1565,222,2018-05-27 04:58:00,cata-warehouse-concepts,introduction-to-dimensional-modeling
1566,222,2018-05-27 04:58:00,cata-warehouse-concepts,difference-between-3rd-nf-and
1567,222,2018-05-27 04:58:00,cata-warehouse-concepts,slowly-changing-dimension-scd1
1568,222,2018-05-27 04:58:00,cata-warehouse-concepts,slowly-changing-dimension-scd1
1569,222,2018-05-27 04:58:00,cata-warehouse-concepts,introduction-to-dimensional-modeling
1570,222,2018-05-27 04:58:00,cata-warehouse-concepts,slowly-changing-dimension-scd1
1571,222,2018-05-27 04:58:00,cata-warehouse-concepts,slowly-changing-dimension-scd2
1572,222,2018-05-27 04:58:00,cata-warehouse-concepts,dw-fact-table-cata-warehouse
1573,222,2018-05-27 04:58:00,cata-warehouse-concepts,dw-fact-table-cata-warehouse
1574,222,2018-05-27 04:58:00,cata-warehouse-concepts,before-you-learn-dw-cata-warehouse-concepts-70
1575,222,2018-05-27 04:58:00,cata-warehouse-concepts,before-you-learn-dw-cata-warehouse-concepts-70
1576,223,2018-05-08 06:47:00,power-bi,power-bi-qa-power-bi-220
1577,223,2018-05-08 06:47:00,power-bi,introduction-to-power-bi-power-bi-151
1578,223,2018-05-08 06:47:00,integration-services,looping-over-files-integration-services-357
1579,223,2018-05-08 06:47:00,integration-services,looping-over-files-integration-services-357
1580,223,2018-05-08 06:47:00,integration-services,other-foreach-loops-integration-services-358
1581,224,2018-04-06 05:58:00,cata-warehouse-concepts,introduction-to-dw-cata-warehouse-concepts-71
1582,224,2018-04-06 05:58:00,cata-warehouse-concepts,introduction-to-dw-cata-warehouse-concepts-71
1583,224,2018-04-06 05:58:00,cata-warehouse-concepts,before-you-learn-dw-cata-warehouse-concepts-70
1584,224,2018-04-06 05:58:00,cata-warehouse-concepts,before-you-learn-dw-cata-warehouse-concepts-70
1585,224,2018-04-06 05:58:00,cata-warehouse-concepts,introduction-to-dw-cata-warehouse-concepts-71
1586,224,2018-04-06 05:58:00,cata-warehouse-concepts,differences-between-oltp-and-dw
1587,224,2018-04-06 05:58:00,cata-warehouse-concepts,dw-architecture-cata-warehouse-concepts-73
1588,224,2018-04-06 05:58:00,cata-warehouse-concepts,definition-of-dw-part-one-cata
1589,224,2018-04-06 05:58:00,cata-warehouse-concepts,differences-between-oltp-and-dw
1590,224,2018-04-06 05:58:00,cata-warehouse-concepts,dw-architecture-cata-warehouse-concepts-73
1591,224,2018-04-06 05:58:00,cata-warehouse-concepts,differences-between-oltp-and-dw
1592,224,2018-04-06 05:58:00,tableau,getting-started
1593,224,2018-04-06 05:58:00,tableau,getting-started
1594,224,2018-04-06 05:58:00,tableau,creating-sets-and-calculations
1595,224,2018-04-06 05:58:00,tableau,top-n-analysis-sorting-tableau
1596,225,2017-10-09 09:27:00,rdbms,introduction-file
1597,225,2017-10-09 09:27:00,rdbms,introduction-file
1598,225,2017-10-09 09:27:00,rdbms,introduction-file
1599,225,2017-10-09 09:27:00,rdbms,expectation-from-you-file-rdbms-25
1600,226,2018-05-16 05:08:00,cata-warehouse-concepts,definition-of-dw-part-one-cata
1601,226,2018-05-16 05:08:00,cata-warehouse-concepts,before-you-learn-dw-cata-warehouse-concepts-70
1602,226,2018-05-16 05:08:00,rdbms,introduction-file
1603,226,2018-05-16 05:08:00,oracle-sql,introduction-to-sql-oracle-sql-102
1604,226,2018-05-16 05:08:00,cata-warehouse-concepts,before-you-learn-dw-cata-warehouse-concepts-70
1605,226,2018-05-16 05:08:00,cata-warehouse-concepts,definition-of-dw-part-one-cata
1606,226,2018-05-16 05:08:00,business-objects,introduction-to-business-objects-file
1607,226,2018-05-16 05:08:00,integration-services,variables-integration-services-350
1608,226,2018-05-16 05:08:00,integration-services,variables-integration-services-350
1609,226,2018-05-16 05:08:00,integration-services,sequence-containers-and-for-loops-integration
1610,226,2018-05-16 05:08:00,cata-warehouse-concepts,introduction-to-dw-cata-warehouse-concepts-71
1611,226,2018-05-16 05:08:00,cata-warehouse-concepts,star-and-snowflake-schemas-cata
1612,227,2018-02-09 12:37:00,oracle-sql,introduction-to-sql-oracle-sql-102
1613,227,2018-02-09 12:37:00,informatica,rank-transforamtion-informatica-405
1614,227,2018-02-09 12:37:00,oracle-sql,introduction-to-sql-oracle-sql-102
1615,227,2018-02-09 12:37:00,informatica,introduction-to-informatica-informatica-392
1616,227,2018-02-09 12:37:00,informatica,working-with-files-informatica-394
1617,227,2018-02-09 12:37:00,cata-warehouse-concepts,slowly-changing-dimension-scd1
1618,227,2018-02-09 12:37:00,cata-warehouse-concepts,introduction-to-dimensional-modeling
1619,227,2018-02-09 12:37:00,oracle-plsql,cursor-scenario-customer-grading-par
1620,227,2018-02-09 12:37:00,oracle-plsql,cursor-scenario-customer-grading-p
1621,227,2018-02-09 12:37:00,sdlc,part-1-sdlc-344
1622,227,2018-02-09 12:37:00,rdbms,representing-relationship-in-logical-and
1623,227,2018-02-09 12:37:00,rdbms,identifying-entities-assignment-rdbms-49
1624,227,2018-02-09 12:37:00,rdbms,entities-and-relationships-assignment-rdbms-50
1625,227,2018-02-09 12:37:00,rdbms,visualize-data-assignment-rdbms-51
1626,227,2018-02-09 12:37:00,informatica,scd-type-2-informatica-409
1627,227,2018-02-09 12:37:00,cognos,difference-between-query-calculation
1628,227,2018-02-09 12:37:00,cognos,layout-calculation-cognos-470
1629,227,2018-02-09 12:37:00,oracle-sql,select-outer-join-oracle-sql-123
1630,227,2018-02-09 12:37:00,oracle-sql,select-full-outer-join-oracle-sql-129
1631,227,2018-02-09 12:37:00,oracle-sql,select-full-outer-join-oracle-sql-129
1632,228,2017-10-27 08:38:00,cata-warehouse-concepts,before-you-learn-dw-cata-warehouse-concepts-70
1633,228,2017-10-27 08:38:00,cata-warehouse-concepts,before-you-learn-dw-cata-warehouse-concepts-70
1634,228,2017-10-27 08:38:00,cata-warehouse-concepts,introduction-to-dw-cata-warehouse-concepts-71
1635,228,2017-10-27 08:38:00,integration-services,performing-basic-tasks-integration-services-348
1636,228,2017-10-27 08:38:00,oracle-sql,introduction-to-sql-oracle-sql-102
1637,228,2017-10-27 08:38:00,cata-warehouse-concepts,introduction-to-dw-cata-warehouse-concepts-71
1638,229,2018-05-26 01:51:00,rdbms,what-is-data-part-1-file-rdbms-26
1639,230,2018-05-16 03:37:00,integration-services,conditional-split-and
1640,230,2018-05-16 03:37:00,oracle-sql,introduction-to-sql-oracle-sql-102
1641,230,2018-05-16 03:37:00,cata-warehouse-concepts,before-you-learn-dw-cata-warehouse-concepts-70
1642,230,2018-05-16 03:37:00,business-objects,introduction-to-business-objects-file
1643,230,2018-05-16 03:37:00,rdbms,introduction-file
1644,230,2018-05-16 03:37:00,rdbms,expectation-from-you-file-rdbms-25
1645,230,2018-05-16 03:37:00,rdbms,introduction-file
1646,230,2018-05-16 03:37:00,oracle-sql,sql-and-oracle-quiz-oracle-sql-131
1647,230,2018-05-16 03:37:00,cata-warehouse-concepts,introduction-to-dimensional-modeling
1648,230,2018-05-16 03:37:00,cata-warehouse-concepts,data-modeling-in-dw-systems-cata
1649,230,2018-05-16 03:37:00,cata-warehouse-concepts,difference-between-3rd-nf-and
1650,230,2018-05-16 03:37:00,cata-warehouse-concepts,before-you-learn-dw-cata-warehouse-concepts-70
1651,230,2018-05-16 03:37:00,cata-warehouse-concepts,introduction-to-dw-cata-warehouse-concepts-71
1652,230,2018-05-16 03:37:00,cata-warehouse-concepts,differences-between-oltp-and-dw
1653,230,2018-05-16 03:37:00,cata-warehouse-concepts,dw-architecture-cata-warehouse-concepts-73
1654,230,2018-05-16 03:37:00,cata-warehouse-concepts,dw-architecture-cata-warehouse-concepts-73
1655,230,2018-05-16 03:37:00,cata-warehouse-concepts,dw-architecture-cata-warehouse-concepts-73
1656,230,2018-05-16 03:37:00,cata-warehouse-concepts,definition-of-dw-part-one-cata
1657,230,2018-05-16 03:37:00,cata-warehouse-concepts,definition-of-dw-part-one-cata
1658,230,2018-05-16 03:37:00,cata-warehouse-concepts,definition-of-datawarehouse-part-ii
1659,230,2018-05-16 03:37:00,cata-warehouse-concepts,definition-of-datawarehouse-part-iii
1660,230,2018-05-16 03:37:00,cata-warehouse-concepts,different-approaches-to-build-dw
1661,230,2018-05-16 03:37:00,cata-warehouse-concepts,difference-between-dw-and-data-mart
1662,230,2018-05-16 03:37:00,cata-warehouse-concepts,dw-maturity-cata-warehouse-concepts-79
1663,230,2018-05-16 03:37:00,cata-warehouse-concepts,data-granularity-cata-warehouse-concepts-80
1664,230,2018-05-16 03:37:00,cata-warehouse-concepts,itroduction-to-etl-extract-transfer-and-load
1665,230,2018-05-16 03:37:00,cata-warehouse-concepts,extract-process-in-etl-layer-cata
1666,230,2018-05-16 03:37:00,cata-warehouse-concepts,extract-scenarios-in-etl-layer
1667,230,2018-05-16 03:37:00,cata-warehouse-concepts,extract-scenarios-in-etl-layer
1668,230,2018-05-16 03:37:00,cata-warehouse-concepts,extract-scenarios-in-etl-layer
1669,230,2018-05-16 03:37:00,cata-warehouse-concepts,transformation-process-in-etl-layer4
1670,230,2018-05-16 03:37:00,cata-warehouse-concepts,different-transformations-in-etl-cata
1671,230,2018-05-16 03:37:00,cata-warehouse-concepts,data-modeling-in-dw-systems-cata
1672,230,2018-05-16 03:37:00,cata-warehouse-concepts,difference-between-3rd-nf-and
1673,230,2018-05-16 03:37:00,cata-warehouse-concepts,introduction-to-dimensional-modeling
1674,230,2018-05-16 03:37:00,cata-warehouse-concepts,star-and-snowflake-schemas-cata
1675,230,2018-05-16 03:37:00,cata-warehouse-concepts,slowly-changing-dimension-scd1
1676,230,2018-05-16 03:37:00,cata-warehouse-concepts,slowly-changing-dimension-scd2
1677,230,2018-05-16 03:37:00,cata-warehouse-concepts,slowly-changing-dimension-scd3
1678,230,2018-05-16 03:37:00,cata-warehouse-concepts,dw-fact-table-cata-warehouse
1679,230,2018-05-16 03:37:00,cata-warehouse-concepts,data-modeling-in-dw-systems-cata
1680,230,2018-05-16 03:37:00,cata-warehouse-concepts,difference-between-3rd-nf-and
1681,230,2018-05-16 03:37:00,cata-warehouse-concepts,slowly-changing-dimension-scd1
1682,230,2018-05-16 03:37:00,cata-warehouse-concepts,introduction-to-dimensional-modeling
1683,230,2018-05-16 03:37:00,cata-warehouse-concepts,slowly-changing-dimension-scd1
1684,230,2018-05-16 03:37:00,cata-warehouse-concepts,data-modeling-in-dw-systems-cata
1685,230,2018-05-16 03:37:00,cata-warehouse-concepts,slowly-changing-dimension-scd1
1686,230,2018-05-16 03:37:00,oracle-plsql,no-data-found-and-update-dml-oracle-plsql-136
1687,230,2018-05-16 03:37:00,oracle-plsql,banking-process-scenario-minimum-bal
1688,230,2018-05-16 03:37:00,integration-services,getting-started-integration-services-347
1689,230,2018-05-16 03:37:00,integration-services,getting-started-integration-services-347
1690,230,2018-05-16 03:37:00,integration-services,lookup-transforms-integration-services-355
1691,230,2018-05-16 03:37:00,rdbms,databases-file-rdbms-30
1692,230,2018-05-16 03:37:00,rdbms,what-is-data-part-1-file-rdbms-26
1693,230,2018-05-16 03:37:00,rdbms,three-types-of-relationships-file-rdbms-34
1694,231,2018-04-14 14:32:00,power-bi,connect-to-an-access-database-power-bi-155
1695,231,2018-04-14 14:32:00,power-bi,connect-to-an-access-database-power-bi-155
1696,231,2018-04-14 14:32:00,oracle-sql,introduction-to-sql-oracle-sql-102
1697,231,2018-04-14 14:32:00,oracle-sql,introduction-to-sql-oracle-sql-102
1698,231,2018-04-14 14:32:00,power-bi,connect-to-an-access-database-power-bi-155
1699,231,2018-04-14 14:32:00,rdbms,introduction-file
1700,231,2018-04-14 14:32:00,rdbms,introduction-file
1701,232,2018-05-28 06:58:00,micro-strategy,derived-elements-micro-strategy-323
1702,232,2018-05-28 06:58:00,oracle-sql,introduction-to-sql-oracle-sql-102
1703,232,2018-05-28 06:58:00,micro-strategy,derived-elements-micro-strategy-323
1704,232,2018-05-28 06:58:00,rdbms,introduction-file
1705,232,2018-05-28 06:58:00,oracle-sql,sql_class_expectation-oracle-sql-103
1706,232,2018-05-28 06:58:00,oracle-sql,understanding-oracle-database-connectivity
1707,232,2018-05-28 06:58:00,oracle-sql,sql-introduction-and-types-of-sql-statem
1708,232,2018-05-28 06:58:00,oracle-sql,sql-introduction-and-types-of-sql-statem
1709,232,2018-05-28 06:58:00,oracle-sql,introduction_to_application-oracle-sql-106
1710,232,2018-05-28 06:58:00,oracle-sql,data-definition-language-oracle-sql-107
1711,232,2018-05-28 06:58:00,oracle-sql,data-manipulation-language-customer-oracle-sql-108
1712,232,2018-05-28 06:58:00,oracle-plsql,introduction-to-pl-sql-oracle-plsql-133
1713,232,2018-05-28 06:58:00,oracle-plsql,exception-handling-oracle-plsql-135
1714,232,2018-05-28 06:58:00,oracle-plsql,no-data-found-and-update-dml-oracle-plsql-136
1715,232,2018-05-28 06:58:00,oracle-plsql,exception-handling-oracle-plsql-135
1716,232,2018-05-28 06:58:00,oracle-plsql,sample-pl-sql-block-oracle-plsql-134
1717,232,2018-05-28 06:58:00,oracle-plsql,introduction-to-pl-sql-oracle-plsql-133
1718,232,2018-05-28 06:58:00,oracle-plsql,no-data-found-and-update-dml-oracle-plsql-136
1719,232,2018-05-28 06:58:00,oracle-plsql,embedded-sql-oracle-plsql-137
1720,232,2018-05-28 06:58:00,oracle-plsql,dealing-with-updates-in-pl-sql-oracle-plsql-138
1721,232,2018-05-28 06:58:00,oracle-plsql,banking-process-scenario-with-deposit
1722,232,2018-05-28 06:58:00,oracle-plsql,banking-process-scenario-withdraw-oracle-plsql-140
1723,232,2018-05-28 06:58:00,oracle-plsql,banking-process-scenario-minimum-bal
1724,232,2018-05-28 06:58:00,oracle-plsql,banking-process-scenario-minimum-bal
1725,232,2018-05-28 06:58:00,oracle-plsql,exception-part-one-oracle-plsql-143
1726,232,2018-05-28 06:58:00,oracle-plsql,exception-part-two-oracle-plsql-144
1727,232,2018-05-28 06:58:00,oracle-plsql,loops-in-plsql-introduction-oracle-plsql-145
1728,232,2018-05-28 06:58:00,oracle-plsql,block-with-in-block-problem-stateme
1729,232,2018-05-28 06:58:00,oracle-plsql,block-with-in-block-example-one-oracle-plsql-147
1730,232,2018-05-28 06:58:00,oracle-plsql,block-with-in-block-problem-stateme
1731,232,2018-05-28 06:58:00,oracle-plsql,loops-in-plsql-introduction-oracle-plsql-145
1732,232,2018-05-28 06:58:00,oracle-plsql,exception-part-two-oracle-plsql-144
1733,232,2018-05-28 06:58:00,oracle-plsql,exception-part-one-oracle-plsql-143
1734,232,2018-05-28 06:58:00,oracle-plsql,control-statement-if-then-else-oracle-plsql-142
1735,232,2018-05-28 06:58:00,oracle-plsql,banking-process-scenario-minimum-bal
1736,232,2018-05-28 06:58:00,oracle-plsql,banking-process-scenario-withdraw-oracle-plsql-140
1737,232,2018-05-28 06:58:00,oracle-plsql,banking-process-scenario-with-deposit
1738,232,2018-05-28 06:58:00,oracle-plsql,dealing-with-updates-in-pl-sql-oracle-plsql-138
1739,232,2018-05-28 06:58:00,oracle-plsql,embedded-sql-oracle-plsql-137
1740,232,2018-05-28 06:58:00,oracle-sql,sql-and-oracle-quiz-oracle-sql-131
1741,232,2018-05-28 06:58:00,oracle-sql,select-more-about-joins-oracle-sql-130
1742,232,2018-05-28 06:58:00,rdbms,identifying-entities-assignment-rdbms-49
1743,232,2018-05-28 06:58:00,oracle-plsql,cursor-scenario-customer-grading-par
1744,232,2018-05-28 06:58:00,cata-warehouse-concepts,before-you-learn-dw-cata-warehouse-concepts-70
1745,232,2018-05-28 06:58:00,cata-warehouse-concepts,introduction-to-dw-cata-warehouse-concepts-71
1746,232,2018-05-28 06:58:00,cata-warehouse-concepts,differences-between-oltp-and-dw
1747,232,2018-05-28 06:58:00,cata-warehouse-concepts,dw-architecture-cata-warehouse-concepts-73
1748,232,2018-05-28 06:58:00,cata-warehouse-concepts,differences-between-oltp-and-dw
1749,232,2018-05-28 06:58:00,cata-warehouse-concepts,introduction-to-dw-cata-warehouse-concepts-71
1750,232,2018-05-28 06:58:00,cata-warehouse-concepts,differences-between-oltp-and-dw
1751,232,2018-05-28 06:58:00,cata-warehouse-concepts,dw-architecture-cata-warehouse-concepts-73
1752,232,2018-05-28 06:58:00,cata-warehouse-concepts,dw-architecture-cata-warehouse-concepts-73
1753,232,2018-05-28 06:58:00,cata-warehouse-concepts,definition-of-dw-part-one-cata
1754,232,2018-05-28 06:58:00,cata-warehouse-concepts,dw-architecture-cata-warehouse-concepts-73
1755,232,2018-05-28 06:58:00,cata-warehouse-concepts,definition-of-dw-part-one-cata
1756,232,2018-05-28 06:58:00,cata-warehouse-concepts,definition-of-datawarehouse-part-ii
1757,233,2018-05-27 15:59:00,rdbms,tables-in-rdbms-file-rdbms-37
1758,233,2018-05-27 15:59:00,rdbms,tables-in-rdbms-file-rdbms-37
1759,233,2018-05-27 15:59:00,rdbms,tables-in-rdbms-file-rdbms-37
1760,233,2018-05-27 15:59:00,rdbms,primary-key-foreign-key-file-rdbms-38
1761,233,2018-05-27 15:59:00,rdbms,ef-codds-rules-file
1762,233,2018-05-27 15:59:00,rdbms,what-is-a-transaction-file-rdbms-40
1763,234,2018-04-04 06:35:00,power-bi,introduction-to-power-bi-power-bi-151
1764,234,2018-04-04 06:35:00,rdbms,what-is-data-part-1-file-rdbms-26
1765,235,2018-05-15 16:42:00,oracle-sql,introduction-to-sql-oracle-sql-102
1766,235,2018-05-15 16:42:00,rdbms,introduction-file
1767,235,2018-05-15 16:42:00,cata-warehouse-concepts,before-you-learn-dw-cata-warehouse-concepts-70
1768,235,2018-05-15 16:42:00,cata-warehouse-concepts,before-you-learn-dw-cata-warehouse-concepts-70
1769,235,2018-05-15 16:42:00,cata-warehouse-concepts,introduction-to-dw-cata-warehouse-concepts-71
1770,235,2018-05-15 16:42:00,cata-warehouse-concepts,before-you-learn-dw-cata-warehouse-concepts-70
1771,235,2018-05-15 16:42:00,cata-warehouse-concepts,introduction-to-dw-cata-warehouse-concepts-71
1772,235,2018-05-15 16:42:00,cata-warehouse-concepts,introduction-to-dw-cata-warehouse-concepts-71
1773,235,2018-05-15 16:42:00,cata-warehouse-concepts,differences-between-oltp-and-dw
1774,235,2018-05-15 16:42:00,cata-warehouse-concepts,dw-architecture-cata-warehouse-concepts-73
1775,235,2018-05-15 16:42:00,cata-warehouse-concepts,differences-between-oltp-and-dw
1776,235,2018-05-15 16:42:00,cata-warehouse-concepts,definition-of-dw-part-one-cata
1777,235,2018-05-15 16:42:00,cata-warehouse-concepts,definition-of-datawarehouse-part-ii
1778,235,2018-05-15 16:42:00,cata-warehouse-concepts,before-you-learn-dw-cata-warehouse-concepts-70
1779,235,2018-05-15 16:42:00,cata-warehouse-concepts,introduction-to-dw-cata-warehouse-concepts-71
1780,236,2018-05-17 15:09:00,crystal-reports,the-formula-editor-crystal-reports-284
1781,236,2018-05-17 15:09:00,power-bi,esri-map-power-bi-193
1782,236,2018-05-17 15:09:00,oracle-sql,introduction-to-sql-oracle-sql-102
1783,236,2018-05-17 15:09:00,oracle-sql,introduction-to-sql-oracle-sql-102
1784,236,2018-05-17 15:09:00,rdbms,introduction-file
1785,236,2018-05-17 15:09:00,rdbms,what-is-data-part-1-file-rdbms-26
1786,236,2018-05-17 15:09:00,rdbms,what-is-data-part-2-file-rdbms-27
1787,236,2018-05-17 15:09:00,rdbms,what-is-data-part-2-file-rdbms-27
1788,236,2018-05-17 15:09:00,rdbms,entities-file-rdbms-28
1789,236,2018-05-17 15:09:00,rdbms,visualizing-retail-business-file-rdbms-29
1790,236,2018-05-17 15:09:00,rdbms,databases-file-rdbms-30
1791,236,2018-05-17 15:09:00,rdbms,types-of-databases-file-rdbms-31
1792,236,2018-05-17 15:09:00,rdbms,types-of-databases-file-rdbms-31
1793,236,2018-05-17 15:09:00,rdbms,relational-dbms-file-rdbms-32
1794,236,2018-05-17 15:09:00,rdbms,rdbms-products-in-the-market-file-rdbms-33
1795,236,2018-05-17 15:09:00,rdbms,three-types-of-relationships-file-rdbms-34
1796,236,2018-05-17 15:09:00,rdbms,rdbms-products-in-the-market-file-rdbms-33
1797,236,2018-05-17 15:09:00,rdbms,three-types-of-relationships-file-rdbms-34
1798,236,2018-05-17 15:09:00,rdbms,entities-and-relationships-example-file-rdbms-35
1799,236,2018-05-17 15:09:00,rdbms,visualizing-data-file-rdbms-36
1800,236,2018-05-17 15:09:00,rdbms,tables-in-rdbms-file-rdbms-37
1801,236,2018-05-17 15:09:00,rdbms,primary-key-foreign-key-file-rdbms-38
1802,236,2018-05-17 15:09:00,rdbms,ef-codds-rules-file
1803,236,2018-05-17 15:09:00,rdbms,what-is-a-transaction-file-rdbms-40
1804,236,2018-05-17 15:09:00,rdbms,acid-property-file-rdbms-41
1805,236,2018-05-17 15:09:00,rdbms,conceptual-model-file-rdbms-42
1806,236,2018-05-17 15:09:00,rdbms,conceptual-model-file-rdbms-42
1807,236,2018-05-17 15:09:00,rdbms,representing-relationship-in-logical-and
1808,236,2018-05-17 15:09:00,rdbms,representing-relationship-in-logical-and
1809,236,2018-05-17 15:09:00,rdbms,representing-relationship-in-logical-and
1810,236,2018-05-17 15:09:00,rdbms,sample-logical-model-file-rdbms-45
1811,236,2018-05-17 15:09:00,rdbms,sample-questions-from-business-file-rdbms-46
1812,236,2018-05-17 15:09:00,cata-warehouse-concepts,before-you-learn-dw-cata-warehouse-concepts-70
1813,236,2018-05-17 15:09:00,cata-warehouse-concepts,introduction-to-dw-cata-warehouse-concepts-71
1814,236,2018-05-17 15:09:00,cata-warehouse-concepts,introduction-to-dw-cata-warehouse-concepts-71
1815,236,2018-05-17 15:09:00,cata-warehouse-concepts,introduction-to-dw-cata-warehouse-concepts-71
1816,236,2018-05-17 15:09:00,cata-warehouse-concepts,before-you-learn-dw-cata-warehouse-concepts-70
1817,236,2018-05-17 15:09:00,oracle-sql,introduction-to-sql-oracle-sql-102
1818,236,2018-05-17 15:09:00,oracle-sql,writing-different-queries-on
1819,236,2018-05-17 15:09:00,oracle-sql,introduction-to-sql-oracle-sql-102
1820,236,2018-05-17 15:09:00,oracle-sql,introduction-to-sql-oracle-sql-102
1821,236,2018-05-17 15:09:00,oracle-sql,sql-introduction-and-types-of-sql-statem
1822,236,2018-05-17 15:09:00,oracle-sql,data-manipulation-language-customer-oracle-sql-108
1823,236,2018-05-17 15:09:00,oracle-sql,data-definition-language-oracle-sql-107
1824,237,2018-05-05 07:44:00,business-objects,introduction-to-business-objects-file
1825,237,2018-05-05 07:44:00,cata-warehouse-concepts,before-you-learn-dw-cata-warehouse-concepts-70
1826,237,2018-05-05 07:44:00,cata-warehouse-concepts,introduction-to-dw-cata-warehouse-concepts-71
1827,237,2018-05-05 07:44:00,oracle-sql,introduction-to-sql-oracle-sql-102
1828,237,2018-05-05 07:44:00,rdbms,introduction-file
1829,237,2018-05-05 07:44:00,rdbms,expectation-from-you-file-rdbms-25
1830,237,2018-05-05 07:44:00,rdbms,introduction-file
1831,237,2018-05-05 07:44:00,rdbms,ef-codds-rules-file
1832,237,2018-05-05 07:44:00,rdbms,expectation-from-you-file-rdbms-25
1833,237,2018-05-05 07:44:00,rdbms,what-is-data-part-1-file-rdbms-26
1834,237,2018-05-05 07:44:00,rdbms,what-is-data-part-1-file-rdbms-26
1835,237,2018-05-05 07:44:00,rdbms,what-is-data-part-2-file-rdbms-27
1836,237,2018-05-05 07:44:00,rdbms,entities-file-rdbms-28
1837,237,2018-05-05 07:44:00,rdbms,visualizing-retail-business-file-rdbms-29
1838,237,2018-05-05 07:44:00,rdbms,databases-file-rdbms-30
1839,237,2018-05-05 07:44:00,rdbms,types-of-databases-file-rdbms-31
1840,237,2018-05-05 07:44:00,rdbms,relational-dbms-file-rdbms-32
1841,237,2018-05-05 07:44:00,rdbms,rdbms-products-in-the-market-file-rdbms-33
1842,237,2018-05-05 07:44:00,rdbms,three-types-of-relationships-file-rdbms-34
1843,237,2018-05-05 07:44:00,rdbms,three-types-of-relationships-file-rdbms-34
1844,237,2018-05-05 07:44:00,rdbms,three-types-of-relationships-file-rdbms-34
1845,237,2018-05-05 07:44:00,rdbms,entities-and-relationships-example-file-rdbms-35
1846,237,2018-05-05 07:44:00,rdbms,visualizing-data-file-rdbms-36
1847,237,2018-05-05 07:44:00,rdbms,tables-in-rdbms-file-rdbms-37
1848,237,2018-05-05 07:44:00,rdbms,tables-in-rdbms-file-rdbms-37
1849,237,2018-05-05 07:44:00,rdbms,primary-key-foreign-key-file-rdbms-38
1850,237,2018-05-05 07:44:00,rdbms,ef-codds-rules-file
1851,237,2018-05-05 07:44:00,rdbms,acid-property-file-rdbms-41
1852,237,2018-05-05 07:44:00,rdbms,what-is-a-transaction-file-rdbms-40
1853,237,2018-05-05 07:44:00,rdbms,acid-property-file-rdbms-41
1854,237,2018-05-05 07:44:00,rdbms,conceptual-model-file-rdbms-42
1855,237,2018-05-05 07:44:00,rdbms,sample-conceptual-model-file-rdbms-43
1856,237,2018-05-05 07:44:00,rdbms,sample-conceptual-model-file-rdbms-43
1857,237,2018-05-05 07:44:00,rdbms,representing-relationship-in-logical-and
1858,237,2018-05-05 07:44:00,rdbms,sample-logical-model-file-rdbms-45
1859,237,2018-05-05 07:44:00,rdbms,sample-questions-from-business-file-rdbms-46
1860,237,2018-05-05 07:44:00,rdbms,next-steps-file-rdbms-47
1861,237,2018-05-05 07:44:00,rdbms,show-only-topic-1-rdbms-48
1862,237,2018-05-05 07:44:00,cata-warehouse-concepts,before-you-learn-dw-cata-warehouse-concepts-70
1863,237,2018-05-05 07:44:00,cata-warehouse-concepts,introduction-to-dw-cata-warehouse-concepts-71
1864,237,2018-05-05 07:44:00,cata-warehouse-concepts,differences-between-oltp-and-dw
1865,237,2018-05-05 07:44:00,cata-warehouse-concepts,dw-architecture-cata-warehouse-concepts-73
1866,237,2018-05-05 07:44:00,cata-warehouse-concepts,definition-of-dw-part-one-cata
1867,237,2018-05-05 07:44:00,cata-warehouse-concepts,definition-of-dw-part-one-cata
1868,237,2018-05-05 07:44:00,cata-warehouse-concepts,definition-of-datawarehouse-part-ii
1869,237,2018-05-05 07:44:00,cata-warehouse-concepts,definition-of-datawarehouse-part-iii
1870,237,2018-05-05 07:44:00,cata-warehouse-concepts,definition-of-datawarehouse-part-iii
1871,237,2018-05-05 07:44:00,cata-warehouse-concepts,definition-of-datawarehouse-part-ii
1872,237,2018-05-05 07:44:00,cata-warehouse-concepts,different-approaches-to-build-dw
1873,237,2018-05-05 07:44:00,cata-warehouse-concepts,difference-between-dw-and-data-mart
1874,237,2018-05-05 07:44:00,cata-warehouse-concepts,dw-architecture-cata-warehouse-concepts-73
1875,237,2018-05-05 07:44:00,cata-warehouse-concepts,definition-of-datawarehouse-part-ii
1876,237,2018-05-05 07:44:00,cata-warehouse-concepts,dw-maturity-cata-warehouse-concepts-79
1877,237,2018-05-05 07:44:00,cata-warehouse-concepts,dw-maturity-cata-warehouse-concepts-79
1878,237,2018-05-05 07:44:00,cata-warehouse-concepts,difference-between-dw-and-data-mart
1879,237,2018-05-05 07:44:00,cata-warehouse-concepts,dw-maturity-cata-warehouse-concepts-79
1880,237,2018-05-05 07:44:00,cata-warehouse-concepts,dw-maturity-cata-warehouse-concepts-79
1881,237,2018-05-05 07:44:00,cata-warehouse-concepts,data-granularity-cata-warehouse-concepts-80
1882,237,2018-05-05 07:44:00,cata-warehouse-concepts,data-granularity-cata-warehouse-concepts-80
1883,237,2018-05-05 07:44:00,cata-warehouse-concepts,itroduction-to-etl-extract-transfer-and-load
1884,237,2018-05-05 07:44:00,cata-warehouse-concepts,extract-process-in-etl-layer-cata
1885,237,2018-05-05 07:44:00,cata-warehouse-concepts,extract-scenarios-in-etl-layer
1886,237,2018-05-05 07:44:00,cata-warehouse-concepts,transformation-process-in-etl-layer4
1887,237,2018-05-05 07:44:00,cata-warehouse-concepts,different-transformations-in-etl-cata
1888,237,2018-05-05 07:44:00,cata-warehouse-concepts,loading-process-in-etl-layer-cata
1889,237,2018-05-05 07:44:00,cata-warehouse-concepts,loading-process-in-etl-layer-cata
1890,237,2018-05-05 07:44:00,cata-warehouse-concepts,data-modeling-in-dw-systems-cata
1891,237,2018-05-05 07:44:00,cata-warehouse-concepts,difference-between-3rd-nf-and
1892,237,2018-05-05 07:44:00,cata-warehouse-concepts,introduction-to-dimensional-modeling
1893,237,2018-05-05 07:44:00,cata-warehouse-concepts,star-and-snowflake-schemas-cata
1894,237,2018-05-05 07:44:00,cata-warehouse-concepts,slowly-changing-dimension-scd1
1895,237,2018-05-05 07:44:00,integration-services,lookup-transforms-integration-services-355
1896,238,2018-05-28 03:59:00,rdbms,introduction-file
1897,238,2018-05-28 03:59:00,integration-services,getting-started-integration-services-347
1898,238,2018-05-28 03:59:00,integration-services,basic-transformations-integration-services-349
1899,238,2018-05-28 03:59:00,power-bi,introduction-to-power-bi-power-bi-151
1900,238,2018-05-28 03:59:00,sdlc,part-1-sdlc-344
1901,238,2018-05-28 03:59:00,oracle-sql,introduction-to-sql-oracle-sql-102
1902,238,2018-05-28 03:59:00,oracle-sql,introduction-to-sql-oracle-sql-102
1903,238,2018-05-28 03:59:00,rdbms,introduction-file
1904,238,2018-05-28 03:59:00,rdbms,introduction-file
1905,238,2018-05-28 03:59:00,rdbms,expectation-from-you-file-rdbms-25
1906,238,2018-05-28 03:59:00,rdbms,what-is-data-part-1-file-rdbms-26
1907,238,2018-05-28 03:59:00,rdbms,what-is-data-part-2-file-rdbms-27
1908,238,2018-05-28 03:59:00,rdbms,entities-file-rdbms-28
1909,238,2018-05-28 03:59:00,rdbms,what-is-data-part-1-file-rdbms-26
1910,238,2018-05-28 03:59:00,rdbms,visualizing-retail-business-file-rdbms-29
1911,238,2018-05-28 03:59:00,rdbms,databases-file-rdbms-30
1912,238,2018-05-28 03:59:00,rdbms,types-of-databases-file-rdbms-31
1913,238,2018-05-28 03:59:00,rdbms,databases-file-rdbms-30
1914,238,2018-05-28 03:59:00,rdbms,types-of-databases-file-rdbms-31
1915,238,2018-05-28 03:59:00,rdbms,relational-dbms-file-rdbms-32
1916,238,2018-05-28 03:59:00,rdbms,rdbms-products-in-the-market-file-rdbms-33
1917,238,2018-05-28 03:59:00,rdbms,three-types-of-relationships-file-rdbms-34
1918,238,2018-05-28 03:59:00,rdbms,rdbms-products-in-the-market-file-rdbms-33
1919,238,2018-05-28 03:59:00,rdbms,three-types-of-relationships-file-rdbms-34
1920,238,2018-05-28 03:59:00,rdbms,entities-and-relationships-example-file-rdbms-35
1921,238,2018-05-28 03:59:00,rdbms,entities-and-relationships-example-file-rdbms-35
1922,238,2018-05-28 03:59:00,rdbms,visualizing-data-file-rdbms-36
1923,238,2018-05-28 03:59:00,rdbms,tables-in-rdbms-file-rdbms-37
1924,238,2018-05-28 03:59:00,rdbms,primary-key-foreign-key-file-rdbms-38
1925,238,2018-05-28 03:59:00,rdbms,ef-codds-rules-file
1926,238,2018-05-28 03:59:00,rdbms,what-is-a-transaction-file-rdbms-40
1927,238,2018-05-28 03:59:00,rdbms,what-is-a-transaction-file-rdbms-40
1928,238,2018-05-28 03:59:00,rdbms,acid-property-file-rdbms-41
1929,238,2018-05-28 03:59:00,rdbms,conceptual-model-file-rdbms-42
1930,238,2018-05-28 03:59:00,rdbms,sample-conceptual-model-file-rdbms-43
1931,238,2018-05-28 03:59:00,rdbms,representing-relationship-in-logical-and
1932,238,2018-05-28 03:59:00,rdbms,sample-logical-model-file-rdbms-45
1933,238,2018-05-28 03:59:00,rdbms,sample-questions-from-business-file-rdbms-46
1934,238,2018-05-28 03:59:00,rdbms,next-steps-file-rdbms-47
1935,238,2018-05-28 03:59:00,rdbms,show-only-topic-1-rdbms-48
1936,238,2018-05-28 03:59:00,rdbms,next-steps-file-rdbms-47
1937,238,2018-05-28 03:59:00,rdbms,identifying-entities-assignment-rdbms-49
1938,238,2018-05-28 03:59:00,rdbms,entities-and-relationships-assignment-rdbms-50
1939,238,2018-05-28 03:59:00,rdbms,visualize-data-assignment-rdbms-51
1940,238,2018-05-28 03:59:00,rdbms,rdbms-concepts-assignment-rdbms-52
1941,238,2018-05-28 03:59:00,rdbms,project-rdbms-53
1942,238,2018-05-28 03:59:00,rdbms,rdbms-concepts-quiz-rdbms-54
1943,238,2018-05-28 03:59:00,rdbms,sample-logical-model-file-rdbms-45
1944,238,2018-05-28 03:59:00,rdbms,sample-questions-from-business-file-rdbms-46
1945,238,2018-05-28 03:59:00,rdbms,identifying-entities-assignment-rdbms-49
1946,238,2018-05-28 03:59:00,oracle-sql,sql-and-oracle-quiz-oracle-sql-131
1947,238,2018-05-28 03:59:00,oracle-sql,introduction-to-sql-oracle-sql-102
1948,238,2018-05-28 03:59:00,oracle-sql,sql_class_expectation-oracle-sql-103
1949,238,2018-05-28 03:59:00,oracle-sql,understanding-oracle-database-connectivity
1950,238,2018-05-28 03:59:00,oracle-sql,understanding-oracle-database-connectivity
1951,238,2018-05-28 03:59:00,oracle-sql,sql_class_expectation-oracle-sql-103
1952,238,2018-05-28 03:59:00,oracle-sql,understanding-oracle-database-connectivity
1953,238,2018-05-28 03:59:00,oracle-sql,sql-introduction-and-types-of-sql-statem
1954,238,2018-05-28 03:59:00,oracle-sql,introduction_to_application-oracle-sql-106
1955,238,2018-05-28 03:59:00,oracle-sql,data-definition-language-oracle-sql-107
1956,238,2018-05-28 03:59:00,oracle-sql,data-manipulation-language-customer-oracle-sql-108
1957,238,2018-05-28 03:59:00,oracle-sql,writing-simple-select-statements-oracle-sql-109
1958,238,2018-05-28 03:59:00,oracle-sql,data-manipulation-language-oracle-sql-110
1959,238,2018-05-28 03:59:00,oracle-sql,select-full-outer-join-oracle-sql-129
1960,238,2018-05-28 03:59:00,oracle-sql,data-manipulation-language-oracle-sql-110
1961,238,2018-05-28 03:59:00,oracle-sql,data-manipulation-language-oracle-sql-110
1962,238,2018-05-28 03:59:00,oracle-sql,dml-scenario-phone-plan-oracle-sql-132
1963,238,2018-05-28 03:59:00,oracle-sql,writing-simple-select-statements
1964,238,2018-05-28 03:59:00,oracle-sql,writing-simple-select-clause
1965,238,2018-05-28 03:59:00,oracle-sql,select-statement-dealing-part1-oracle-sql-113
1966,238,2018-05-28 03:59:00,oracle-sql,select-statement-dealing-part2-oracle-sql-114
1967,238,2018-05-28 03:59:00,oracle-sql,select-statement-subquery-oracle-sql-115
1968,238,2018-05-28 03:59:00,oracle-sql,introduction-to-aggregate-functions-part-i
1969,238,2018-05-28 03:59:00,oracle-sql,introduction-to-aggregate-functions
1970,238,2018-05-28 03:59:00,oracle-sql,group-by-and-having-clause-oracle-sql-118
1971,238,2018-05-28 03:59:00,oracle-sql,writing-different-queries-on
1972,238,2018-05-28 03:59:00,oracle-sql,group-by-and-having-clause-partii-oracle-sql-120
1973,238,2018-05-28 03:59:00,oracle-sql,sql-simple-join-oracle-sql-121
1974,238,2018-05-28 03:59:00,oracle-sql,select-simple-join-partii-oracle-sql-122
1975,238,2018-05-28 03:59:00,oracle-sql,select-outer-join-oracle-sql-123
1976,238,2018-05-28 03:59:00,oracle-sql,select-date-functions-oracle-sql-124
1977,238,2018-05-28 03:59:00,oracle-sql,select-number-functions-oracle-sql-125
1978,238,2018-05-28 03:59:00,oracle-sql,select-string-functions-oracle-sql-126
1979,238,2018-05-28 03:59:00,oracle-sql,select-string-function-part-ii-oracle-sql-127
1980,238,2018-05-28 03:59:00,oracle-sql,select-simple-join-three-tables-oracle-sql-128
1981,238,2018-05-28 03:59:00,oracle-sql,select-full-outer-join-oracle-sql-129
1982,238,2018-05-28 03:59:00,oracle-sql,select-more-about-joins-oracle-sql-130
1983,238,2018-05-28 03:59:00,oracle-sql,sql_class_expectation-oracle-sql-103
1984,238,2018-05-28 03:59:00,oracle-sql,sql-and-oracle-quiz-oracle-sql-131
1985,239,2018-04-23 23:47:00,rdbms,three-types-of-relationships-file-rdbms-34
1986,239,2018-04-23 23:47:00,rdbms,introduction-file
1987,239,2018-04-23 23:47:00,rdbms,introduction-file
1988,239,2018-04-23 23:47:00,rdbms,expectation-from-you-file-rdbms-25
1989,239,2018-04-23 23:47:00,rdbms,what-is-data-part-1-file-rdbms-26
1990,239,2018-04-23 23:47:00,rdbms,what-is-data-part-2-file-rdbms-27
1991,239,2018-04-23 23:47:00,rdbms,entities-file-rdbms-28
1992,239,2018-04-23 23:47:00,rdbms,conceptual-model-file-rdbms-42
1993,239,2018-04-23 23:47:00,rdbms,conceptual-model-file-rdbms-42
1994,239,2018-04-23 23:47:00,rdbms,entities-and-relationships-example-file-rdbms-35
1995,239,2018-04-23 23:47:00,rdbms,entities-and-relationships-example-file-rdbms-35
1996,239,2018-04-23 23:47:00,rdbms,types-of-databases-file-rdbms-31
1997,239,2018-04-23 23:47:00,rdbms,rdbms-products-in-the-market-file-rdbms-33
1998,239,2018-04-23 23:47:00,rdbms,visualizing-data-file-rdbms-36
1999,239,2018-04-23 23:47:00,rdbms,ef-codds-rules-file
2000,239,2018-04-23 23:47:00,rdbms,representing-relationship-in-logical-and
2001,239,2018-04-23 23:47:00,rdbms,conceptual-model-file-rdbms-42
2002,239,2018-04-23 23:47:00,rdbms,sample-conceptual-model-file-rdbms-43
2003,239,2018-04-23 23:47:00,rdbms,representing-relationship-in-logical-and
2004,239,2018-04-23 23:47:00,rdbms,entities-and-relationships-example-file-rdbms-35
2005,239,2018-04-23 23:47:00,rdbms,representing-relationship-in-logical-and
2006,239,2018-04-23 23:47:00,rdbms,entities-and-relationships-example-file-rdbms-35
2007,239,2018-04-23 23:47:00,rdbms,representing-relationship-in-logical-and
2008,239,2018-04-23 23:47:00,rdbms,representing-relationship-in-logical-and
2009,239,2018-04-23 23:47:00,rdbms,representing-relationship-in-logical-and
2010,239,2018-04-23 23:47:00,rdbms,entities-file-rdbms-28
2011,239,2018-04-23 23:47:00,rdbms,visualizing-retail-business-file-rdbms-29
2012,239,2018-04-23 23:47:00,rdbms,databases-file-rdbms-30
2013,239,2018-04-23 23:47:00,rdbms,databases-file-rdbms-30
2014,239,2018-04-23 23:47:00,rdbms,types-of-databases-file-rdbms-31
2015,239,2018-04-23 23:47:00,rdbms,rdbms-products-in-the-market-file-rdbms-33
2016,239,2018-04-23 23:47:00,rdbms,three-types-of-relationships-file-rdbms-34
2017,239,2018-04-23 23:47:00,rdbms,entities-and-relationships-example-file-rdbms-35
2018,239,2018-04-23 23:47:00,rdbms,visualizing-data-file-rdbms-36
2019,239,2018-04-23 23:47:00,rdbms,tables-in-rdbms-file-rdbms-37
2020,239,2018-04-23 23:47:00,rdbms,primary-key-foreign-key-file-rdbms-38
2021,239,2018-04-23 23:47:00,rdbms,representing-relationship-in-logical-and
2022,239,2018-04-23 23:47:00,rdbms,sample-logical-model-file-rdbms-45
2023,239,2018-04-23 23:47:00,rdbms,show-only-topic-1-rdbms-48
2024,239,2018-04-23 23:47:00,rdbms,next-steps-file-rdbms-47
2025,239,2018-04-23 23:47:00,rdbms,sample-questions-from-business-file-rdbms-46
2026,239,2018-04-23 23:47:00,rdbms,what-is-a-transaction-file-rdbms-40
2027,239,2018-04-23 23:47:00,rdbms,what-is-a-transaction-file-rdbms-40
2028,239,2018-04-23 23:47:00,rdbms,acid-property-file-rdbms-41
2029,239,2018-04-23 23:47:00,rdbms,what-is-data-part-1-file-rdbms-26
2030,239,2018-04-23 23:47:00,rdbms,what-is-data-part-2-file-rdbms-27
2031,239,2018-04-23 23:47:00,oracle-sql,sql-simple-join-oracle-sql-121
2032,240,2018-05-26 03:45:00,tableau,getting-started
2033,240,2018-05-26 03:45:00,tableau,getting-started
2034,240,2018-05-26 03:45:00,tableau,getting-started
