access_id,access_date,emp_id,course_name,chapter
1,2017-10-06,119,oracle-sql,introduction-to-sql-oracle-sql-102
2,2017-10-06,119,informatica,rank-transforamtion-informatica-405
3,2017-10-10,119,oracle-sql,introduction-to-sql-oracle-sql-102
4,2017-10-17,119,informatica,introduction-to-informatica-informatica-392
5,2017-10-17,119,informatica,working-with-files-informatica-394
6,2018-02-04,119,cata-warehouse-concepts,slowly-changing-dimension-scd1
7,2018-02-04,119,cata-warehouse-concepts,introduction-to-dimensional-modeling
8,2018-02-04,119,oracle-plsql,cursor-scenario-customer-grading-par
9,2018-02-04,119,oracle-plsql,cursor-scenario-customer-grading-p
10,2018-02-04,119,sdlc,part-1-sdlc-344
11,2018-02-04,119,rdbms,representing-relationship-in-logical-and
12,2018-02-04,119,rdbms,identifying-entities-assignment-rdbms-49
13,2018-02-04,119,rdbms,entities-and-relationships-assignment-rdbms-50
14,2018-02-04,119,rdbms,visualize-data-assignment-rdbms-51
15,2018-02-04,119,informatica,scd-type-2-informatica-409
16,2018-02-06,119,cognos,difference-between-query-calculation
17,2018-02-06,119,cognos,difference-between-query-calculation
18,2018-02-06,119,cognos,layout-calculation-cognos-470
19,2018-02-09,119,oracle-sql,select-outer-join-oracle-sql-123
20,2018-02-09,119,oracle-sql,select-full-outer-join-oracle-sql-129
21,2018-02-09,119,oracle-sql,select-full-outer-join-oracle-sql-129
22,2017-10-09,136,rdbms,introduction-file
23,2017-10-09,136,rdbms,introduction-file
24,2017-10-09,136,rdbms,introduction-file
25,2017-10-09,136,rdbms,expectation-from-you-file-rdbms-25
26,2017-10-17,152,cognos,creating-filters-and-calculated-columns-cognos
27,2017-10-17,152,oracle-sql,introduction-to-sql-oracle-sql-102
28,2017-10-27,152,oracle-sql,introduction-to-sql-oracle-sql-102
29,2017-10-27,152,oracle-sql,introduction-to-sql-oracle-sql-102
30,2017-11-07,152,oracle-sql,introduction-to-sql-oracle-sql-102
31,2017-11-07,152,cognos,creating-filters-and-calculated-columns-cognos
32,2017-11-09,152,oracle-sql,introduction-to-sql-oracle-sql-102
33,2017-11-09,152,oracle-sql,introduction-to-sql-oracle-sql-102
34,2017-11-09,152,oracle-sql,sql_class_expectation-oracle-sql-103
35,2017-11-09,152,oracle-sql,understanding-oracle-database-connectivity
36,2017-11-09,152,oracle-sql,sql-introduction-and-types-of-sql-statem
37,2017-11-09,152,oracle-sql,introduction_to_application-oracle-sql-106
38,2017-11-09,152,oracle-sql,data-definition-language-oracle-sql-107
39,2017-11-09,152,oracle-sql,data-manipulation-language-customer-oracle-sql-108
40,2017-11-09,152,oracle-sql,writing-simple-select-statements-oracle-sql-109
41,2017-11-09,152,oracle-sql,data-manipulation-language-oracle-sql-110
42,2017-11-09,152,oracle-sql,dml-scenario-phone-plan-oracle-sql-132
43,2017-11-09,152,oracle-sql,writing-simple-select-statements
44,2017-11-09,152,oracle-sql,writing-simple-select-clause
45,2017-11-09,152,oracle-sql,select-statement-dealing-part1-oracle-sql-113
46,2017-11-09,152,oracle-sql,select-statement-dealing-part2-oracle-sql-114
47,2017-11-09,152,oracle-sql,select-statement-subquery-oracle-sql-115
48,2017-11-09,152,oracle-sql,introduction-to-aggregate-functions-part-i
49,2017-11-09,152,oracle-sql,introduction-to-aggregate-functions
50,2017-11-09,152,oracle-sql,group-by-and-having-clause-oracle-sql-118
51,2017-11-09,152,oracle-sql,writing-different-queries-on
52,2017-11-09,152,oracle-sql,group-by-and-having-clause-partii-oracle-sql-120
53,2017-11-15,152,oracle-sql,introduction-to-sql-oracle-sql-102
54,2017-11-15,152,cata-warehouse-concepts,before-you-learn-dw-cata-warehouse-concepts-70
55,2017-11-15,152,rdbms,introduction-file
56,2017-11-16,152,oracle-sql,introduction-to-sql-oracle-sql-102
57,2017-11-16,152,rdbms,introduction-file
58,2017-11-16,152,oracle-sql,introduction-to-sql-oracle-sql-102
59,2017-11-16,152,rdbms,introduction-file
60,2017-11-27,152,oracle-sql,introduction-to-sql-oracle-sql-102
61,2017-11-27,152,cata-warehouse-concepts,before-you-learn-dw-cata-warehouse-concepts-70
62,2017-11-27,152,cata-warehouse-concepts,before-you-learn-dw-cata-warehouse-concepts-70
63,2017-11-27,152,cata-warehouse-concepts,before-you-learn-dw-cata-warehouse-concepts-70
64,2018-02-05,152,oracle-sql,introduction-to-sql-oracle-sql-102
65,2018-02-05,152,oracle-sql,introduction-to-sql-oracle-sql-102
66,2018-02-05,152,oracle-sql,introduction-to-sql-oracle-sql-102
67,2017-10-25,158,cata-warehouse-concepts,before-you-learn-dw-cata-warehouse-concepts-70
68,2017-10-25,158,cata-warehouse-concepts,before-you-learn-dw-cata-warehouse-concepts-70
69,2017-10-25,158,cata-warehouse-concepts,introduction-to-dw-cata-warehouse-concepts-71
70,2017-10-25,158,integration-services,performing-basic-tasks-integration-services-348
71,2017-10-25,158,integration-services,performing-basic-tasks-integration-services-348
72,2017-10-25,158,oracle-sql,introduction-to-sql-oracle-sql-102
73,2017-10-27,158,cata-warehouse-concepts,introduction-to-dw-cata-warehouse-concepts-71
74,2017-11-17,159,oracle-sql,dml-scenario-phone-plan-oracle-sql-132
75,2017-11-17,159,oracle-plsql,introduction-to-pl-sql-oracle-plsql-133
76,2017-11-17,159,oracle-plsql,sample-pl-sql-block-oracle-plsql-134
77,2017-11-17,159,oracle-plsql,cursor-scenario-customer-grading-par
78,2017-11-17,159,rdbms,types-of-databases-file-rdbms-31
79,2017-12-26,229,oracle-sql,introduction-to-sql-oracle-sql-102
80,2017-12-26,229,oracle-sql,sql-and-oracle-quiz-oracle-sql-131
81,2017-12-27,229,oracle-sql,writing-simple-select-clause
82,2017-12-27,229,oracle-sql,sql-introduction-and-types-of-sql-statem
83,2017-12-27,229,oracle-sql,select-statement-dealing-part1-oracle-sql-113
84,2017-12-27,229,oracle-sql,select-statement-dealing-part2-oracle-sql-114
85,2017-12-27,229,oracle-sql,select-statement-subquery-oracle-sql-115
86,2017-12-27,229,oracle-sql,group-by-and-having-clause-oracle-sql-118
87,2017-12-27,229,oracle-sql,select-number-functions-oracle-sql-125
88,2017-12-27,229,oracle-sql,writing-simple-select-statements
89,2017-12-27,229,oracle-sql,select-statement-subquery-oracle-sql-115
90,2018-01-03,229,oracle-sql,data-definition-language-oracle-sql-107
91,2018-01-03,229,oracle-sql,writing-simple-select-clause
92,2018-02-05,229,oracle-plsql,banking-process-scenario-with-deposit
93,2018-02-05,229,oracle-plsql,banking-process-scenario-withdraw-oracle-plsql-140
94,2018-02-05,229,oracle-plsql,banking-process-scenario-with-deposit
95,2018-02-05,229,oracle-plsql,banking-process-scenario-with-deposit
96,2018-02-09,229,oracle-plsql,banking-process-scenario-withdraw-oracle-plsql-140
97,2018-02-09,229,oracle-plsql,banking-process-scenario-minimum-bal
98,2018-02-12,229,oracle-plsql,banking-process-scenario-withdraw-oracle-plsql-140
99,2018-02-12,229,oracle-plsql,banking-process-scenario-with-deposit
100,2018-02-12,229,oracle-plsql,banking-process-scenario-minimum-bal
101,2018-02-19,229,rdbms,introduction-file
102,2018-02-19,229,rdbms,databases-file-rdbms-30
103,2018-02-19,229,rdbms,what-is-data-part-1-file-rdbms-26
104,2018-02-19,229,rdbms,entities-file-rdbms-28
105,2018-02-19,229,rdbms,visualizing-retail-business-file-rdbms-29
106,2018-02-19,229,rdbms,databases-file-rdbms-30
107,2018-02-19,229,rdbms,types-of-databases-file-rdbms-31
108,2018-02-19,229,rdbms,relational-dbms-file-rdbms-32
109,2018-02-19,229,rdbms,rdbms-products-in-the-market-file-rdbms-33
110,2018-02-19,229,rdbms,three-types-of-relationships-file-rdbms-34
111,2018-02-19,229,rdbms,three-types-of-relationships-file-rdbms-34
112,2018-02-19,229,rdbms,entities-and-relationships-example-file-rdbms-35
113,2018-02-19,229,rdbms,primary-key-foreign-key-file-rdbms-38
114,2018-02-19,229,rdbms,visualizing-data-file-rdbms-36
115,2018-02-19,229,rdbms,tables-in-rdbms-file-rdbms-37
116,2018-02-19,229,rdbms,ef-codds-rules-file
117,2018-02-19,229,rdbms,what-is-a-transaction-file-rdbms-40
118,2018-02-19,229,rdbms,what-is-a-transaction-file-rdbms-40
119,2018-02-19,229,rdbms,acid-property-file-rdbms-41
120,2018-02-19,229,rdbms,what-is-a-transaction-file-rdbms-40
121,2018-02-20,229,rdbms,what-is-a-transaction-file-rdbms-40
122,2018-02-20,229,rdbms,acid-property-file-rdbms-41
123,2018-02-20,229,rdbms,conceptual-model-file-rdbms-42
124,2018-02-20,229,rdbms,sample-conceptual-model-file-rdbms-43
125,2018-02-20,229,rdbms,representing-relationship-in-logical-and
126,2018-02-20,229,rdbms,sample-logical-model-file-rdbms-45
127,2018-02-20,229,rdbms,sample-questions-from-business-file-rdbms-46
128,2018-02-20,229,rdbms,next-steps-file-rdbms-47
129,2018-02-20,229,rdbms,show-only-topic-1-rdbms-48
130,2018-02-20,229,rdbms,identifying-entities-assignment-rdbms-49
131,2018-02-20,229,rdbms,rdbms-concepts-assignment-rdbms-52
132,2018-02-20,229,rdbms,project-rdbms-53
133,2018-02-20,229,rdbms,rdbms-concepts-quiz-rdbms-54
134,2018-02-20,229,cata-warehouse-concepts,before-you-learn-dw-cata-warehouse-concepts-70
135,2018-02-22,229,oracle-plsql,cursor-scenario-customer-grading-par
136,2018-02-22,229,oracle-plsql,cursor-scenario-customer-grading-p
137,2018-03-04,229,cata-warehouse-concepts,slowly-changing-dimension-scd1
138,2018-03-27,229,sdlc,part-1-sdlc-344
139,2018-04-18,229,tableau,getting-started
140,2018-04-20,229,tableau,getting-started
141,2018-03-26,245,cata-warehouse-concepts,introduction-to-dw-cata-warehouse-concepts-71
142,2018-03-26,245,cata-warehouse-concepts,introduction-to-dw-cata-warehouse-concepts-71
143,2018-03-26,245,cata-warehouse-concepts,before-you-learn-dw-cata-warehouse-concepts-70
144,2018-03-26,245,cata-warehouse-concepts,before-you-learn-dw-cata-warehouse-concepts-70
145,2018-03-27,245,cata-warehouse-concepts,introduction-to-dw-cata-warehouse-concepts-71
146,2018-03-27,245,cata-warehouse-concepts,differences-between-oltp-and-dw
147,2018-03-27,245,cata-warehouse-concepts,dw-architecture-cata-warehouse-concepts-73
148,2018-03-27,245,cata-warehouse-concepts,definition-of-dw-part-one-cata
149,2018-03-27,245,cata-warehouse-concepts,differences-between-oltp-and-dw
150,2018-03-27,245,cata-warehouse-concepts,dw-architecture-cata-warehouse-concepts-73
151,2018-03-27,245,cata-warehouse-concepts,differences-between-oltp-and-dw
152,2018-03-27,245,cata-warehouse-concepts,differences-between-oltp-and-dw
153,2018-04-05,245,tableau,getting-started
154,2018-04-05,245,tableau,getting-started
155,2018-04-05,245,tableau,creating-sets-and-calculations
156,2018-04-06,245,tableau,top-n-analysis-sorting-tableau
157,2018-02-02,253,rdbms,types-of-databases-file-rdbms-31
158,2018-02-05,253,rdbms,types-of-databases-file-rdbms-31
159,2018-02-05,253,oracle-plsql,cursor-scenario-customer-grading-par
160,2018-02-05,253,oracle-plsql,sample-pl-sql-block-oracle-plsql-134
161,2018-02-12,253,oracle-plsql,exception-handling-oracle-plsql-135
162,2018-02-12,253,oracle-plsql,exception-part-one-oracle-plsql-143
163,2018-02-12,253,oracle-plsql,exception-part-two-oracle-plsql-144
164,2018-04-06,253,integration-services,basic-transformations-integration-services-349
165,2018-04-07,253,integration-services,variables-integration-services-350
166,2018-04-07,253,integration-services,expressions-integration-services-352
167,2018-05-20,253,power-bi,introduction-to-power-bi-power-bi-151
168,2018-01-23,267,tableau,publishing-to-tableau-online-tableau
169,2018-01-23,267,business-objects,components-of-bo-file-business-objects-56
170,2018-01-23,269,micro-strategy,set-qualification-filters-micro-strategy
171,2018-01-23,269,oracle-sql,introduction-to-sql-oracle-sql-102
172,2018-01-23,269,tableau,getting-started
173,2018-01-23,269,cognos,creating-project-and-namespace-cognos-453
174,2018-01-23,269,cognos,creating-project-and-namespace-cognos-453
175,2018-01-23,269,oracle-sql,introduction-to-sql-oracle-sql-102
176,2018-01-23,269,oracle-sql,select-string-function-part-ii-oracle-sql-127
177,2018-03-03,290,cata-warehouse-concepts,definition-of-dw-part-one-cata
178,2018-03-03,290,cata-warehouse-concepts,before-you-learn-dw-cata-warehouse-concepts-70
179,2018-03-03,290,rdbms,introduction-file
180,2018-03-04,290,oracle-sql,introduction-to-sql-oracle-sql-102
181,2018-03-04,290,cata-warehouse-concepts,before-you-learn-dw-cata-warehouse-concepts-70
182,2018-03-04,290,cata-warehouse-concepts,definition-of-dw-part-one-cata
183,2018-04-06,290,business-objects,introduction-to-business-objects-file
184,2018-04-06,290,integration-services,variables-integration-services-350
185,2018-04-06,290,integration-services,variables-integration-services-350
186,2018-04-17,290,integration-services,sequence-containers-and-for-loops-integration
187,2018-04-18,290,cata-warehouse-concepts,introduction-to-dw-cata-warehouse-concepts-71
188,2018-04-18,290,cata-warehouse-concepts,star-and-snowflake-schemas-cata
189,2018-03-27,301,rdbms,entities-and-relationships-example-file-rdbms-35
190,2018-03-29,301,oracle-plsql,introduction-to-pl-sql-oracle-plsql-133
191,2018-03-29,301,rdbms,what-is-data-part-1-file-rdbms-26
192,2018-03-29,301,rdbms,what-is-data-part-2-file-rdbms-27
193,2018-03-29,301,rdbms,what-is-data-part-2-file-rdbms-27
194,2018-03-29,301,rdbms,entities-file-rdbms-28
195,2018-03-29,301,rdbms,visualizing-retail-business-file-rdbms-29
196,2018-03-29,301,rdbms,databases-file-rdbms-30
197,2018-03-29,301,rdbms,types-of-databases-file-rdbms-31
198,2018-03-29,301,rdbms,relational-dbms-file-rdbms-32
199,2018-03-29,301,rdbms,rdbms-products-in-the-market-file-rdbms-33
200,2018-03-29,301,rdbms,three-types-of-relationships-file-rdbms-34
201,2018-03-29,301,rdbms,entities-and-relationships-example-file-rdbms-35
202,2018-03-29,301,cata-warehouse-concepts,difference-between-3rd-nf-and
203,2018-03-29,301,rdbms,visualizing-data-file-rdbms-36
204,2018-03-29,301,rdbms,tables-in-rdbms-file-rdbms-37
205,2018-03-29,301,rdbms,primary-key-foreign-key-file-rdbms-38
206,2018-03-29,301,rdbms,project-rdbms-53
207,2018-03-29,301,rdbms,rdbms-concepts-assignment-rdbms-52
208,2018-03-29,301,rdbms,visualize-data-assignment-rdbms-51
209,2018-03-29,301,rdbms,ef-codds-rules-file
210,2018-03-29,301,rdbms,what-is-a-transaction-file-rdbms-40
211,2018-03-29,301,rdbms,acid-property-file-rdbms-41
212,2018-03-29,301,rdbms,conceptual-model-file-rdbms-42
213,2018-03-29,301,rdbms,sample-conceptual-model-file-rdbms-43
214,2018-03-29,301,rdbms,representing-relationship-in-logical-and
215,2018-03-29,301,rdbms,sample-logical-model-file-rdbms-45
216,2018-03-29,301,rdbms,sample-questions-from-business-file-rdbms-46
217,2018-03-29,301,rdbms,next-steps-file-rdbms-47
218,2018-03-29,301,rdbms,show-only-topic-1-rdbms-48
219,2018-03-29,301,rdbms,show-only-topic-1-rdbms-48
220,2018-03-29,301,rdbms,show-only-topic-1-rdbms-48
221,2018-03-30,301,oracle-plsql,plsql-quiz-oracle-plsql-150
222,2018-04-02,301,integration-services,performing-basic-tasks-integration-services-348
223,2018-04-02,301,integration-services,performing-basic-tasks-integration-services-348
224,2018-04-02,301,integration-services,performing-basic-tasks-integration-services-348
225,2018-04-04,301,cata-warehouse-concepts,introduction-to-dw-cata-warehouse-concepts-71
226,2018-04-04,301,cata-warehouse-concepts,differences-between-oltp-and-dw
227,2018-04-05,301,power-bi,introduction-to-power-bi-power-bi-151
228,2018-04-05,301,cata-warehouse-concepts,introduction-to-dw-cata-warehouse-concepts-71
229,2018-04-05,301,tableau,getting-started
230,2018-04-05,301,integration-services,getting-started-integration-services-347
231,2018-04-06,301,cata-warehouse-concepts,differences-between-oltp-and-dw
232,2018-04-06,301,cata-warehouse-concepts,dw-architecture-cata-warehouse-concepts-73
233,2018-04-06,301,cata-warehouse-concepts,dw-architecture-cata-warehouse-concepts-73
234,2018-04-06,301,cata-warehouse-concepts,definition-of-dw-part-one-cata
235,2018-04-09,301,oracle-sql,introduction-to-sql-oracle-sql-102
236,2018-04-09,301,oracle-sql,sql_class_expectation-oracle-sql-103
237,2018-04-09,301,oracle-sql,sql_class_expectation-oracle-sql-103
238,2018-04-09,301,oracle-sql,sql_class_expectation-oracle-sql-103
239,2018-04-09,301,oracle-sql,sql_class_expectation-oracle-sql-103
240,2018-04-09,301,oracle-sql,introduction-to-sql-oracle-sql-102
241,2018-04-09,301,oracle-sql,introduction-to-sql-oracle-sql-102
242,2018-04-09,301,oracle-sql,introduction-to-sql-oracle-sql-102
243,2018-04-11,301,cata-warehouse-concepts,dw-architecture-cata-warehouse-concepts-73
244,2018-04-11,301,cata-warehouse-concepts,definition-of-dw-part-one-cata
245,2018-04-12,301,cata-warehouse-concepts,definition-of-datawarehouse-part-ii
246,2018-04-12,301,cata-warehouse-concepts,definition-of-dw-part-one-cata
247,2018-04-12,301,cata-warehouse-concepts,definition-of-datawarehouse-part-ii
248,2018-04-12,301,cata-warehouse-concepts,definition-of-datawarehouse-part-iii
249,2018-04-12,301,cata-warehouse-concepts,different-approaches-to-build-dw
250,2018-04-13,301,rdbms,what-is-data-part-1-file-rdbms-26
251,2018-04-13,301,rdbms,sample-logical-model-file-rdbms-45
252,2018-04-18,301,cata-warehouse-concepts,definition-of-datawarehouse-part-ii
253,2018-04-18,301,cata-warehouse-concepts,definition-of-datawarehouse-part-iii
254,2018-04-18,301,cata-warehouse-concepts,different-approaches-to-build-dw
255,2018-04-18,301,oracle-sql,sql_class_expectation-oracle-sql-103
256,2018-04-18,301,oracle-sql,understanding-oracle-database-connectivity
257,2018-04-18,301,oracle-sql,sql-introduction-and-types-of-sql-statem
258,2018-04-19,301,oracle-sql,sql-introduction-and-types-of-sql-statem
259,2018-04-21,301,oracle-sql,understanding-oracle-database-connectivity
260,2018-04-21,301,oracle-sql,sql-introduction-and-types-of-sql-statem
261,2018-04-21,301,oracle-sql,introduction_to_application-oracle-sql-106
262,2018-04-21,301,oracle-sql,data-definition-language-oracle-sql-107
263,2018-04-21,301,oracle-sql,data-manipulation-language-customer-oracle-sql-108
264,2018-04-21,301,oracle-sql,writing-simple-select-statements-oracle-sql-109
265,2018-04-21,301,oracle-sql,data-manipulation-language-oracle-sql-110
266,2018-04-21,301,oracle-sql,dml-scenario-phone-plan-oracle-sql-132
267,2018-04-21,301,oracle-sql,writing-simple-select-statements
268,2018-04-21,301,oracle-sql,writing-simple-select-clause
269,2018-04-21,301,oracle-sql,select-statement-dealing-part1-oracle-sql-113
270,2018-04-21,301,oracle-sql,select-statement-dealing-part2-oracle-sql-114
271,2018-04-21,301,oracle-sql,select-statement-subquery-oracle-sql-115
272,2018-04-21,301,oracle-sql,introduction-to-aggregate-functions-part-i
273,2018-04-21,301,oracle-sql,introduction-to-aggregate-functions
274,2018-04-21,301,oracle-sql,group-by-and-having-clause-oracle-sql-118
275,2018-04-21,301,oracle-sql,writing-different-queries-on
276,2018-04-21,301,oracle-sql,group-by-and-having-clause-partii-oracle-sql-120
277,2018-04-21,301,oracle-sql,sql-simple-join-oracle-sql-121
278,2018-04-21,301,oracle-sql,select-simple-join-partii-oracle-sql-122
279,2018-04-21,301,oracle-sql,select-outer-join-oracle-sql-123
280,2018-04-21,301,oracle-sql,select-date-functions-oracle-sql-124
281,2018-04-21,301,oracle-sql,select-number-functions-oracle-sql-125
282,2018-04-21,301,oracle-sql,select-string-functions-oracle-sql-126
283,2018-04-21,301,oracle-sql,select-string-function-part-ii-oracle-sql-127
284,2018-04-21,301,oracle-sql,select-simple-join-three-tables-oracle-sql-128
285,2018-04-21,301,oracle-sql,select-full-outer-join-oracle-sql-129
286,2018-04-21,301,oracle-sql,select-more-about-joins-oracle-sql-130
287,2018-04-21,301,oracle-sql,sql-and-oracle-quiz-oracle-sql-131
288,2018-04-21,301,oracle-sql,sql-and-oracle-quiz-oracle-sql-131
289,2018-05-02,301,oracle-sql,sql-and-oracle-quiz-oracle-sql-131
290,2018-05-02,301,cata-warehouse-concepts,different-approaches-to-build-dw
291,2018-05-02,301,cata-warehouse-concepts,different-approaches-to-build-dw
292,2018-05-04,301,cata-warehouse-concepts,difference-between-dw-and-data-mart
293,2018-05-04,301,cata-warehouse-concepts,dw-maturity-cata-warehouse-concepts-79
294,2018-05-04,301,cata-warehouse-concepts,dw-maturity-cata-warehouse-concepts-79
295,2018-05-07,301,cata-warehouse-concepts,dw-maturity-cata-warehouse-concepts-79
296,2018-05-07,301,cata-warehouse-concepts,data-granularity-cata-warehouse-concepts-80
297,2018-05-07,301,cata-warehouse-concepts,itroduction-to-etl-extract-transfer-and-load
298,2018-05-07,301,cata-warehouse-concepts,extract-process-in-etl-layer-cata
299,2018-05-07,301,cata-warehouse-concepts,extract-scenarios-in-etl-layer
300,2018-05-07,301,cata-warehouse-concepts,transformation-process-in-etl-layer4
301,2018-05-07,301,cata-warehouse-concepts,different-transformations-in-etl-cata
302,2018-05-07,301,cata-warehouse-concepts,data-modeling-in-dw-systems-cata
303,2018-05-07,301,cata-warehouse-concepts,different-transformations-in-etl-cata
304,2018-05-08,301,cata-warehouse-concepts,loading-process-in-etl-layer-cata
305,2018-05-08,301,cata-warehouse-concepts,loading-process-in-etl-layer-cata
306,2018-05-08,301,cata-warehouse-concepts,data-modeling-in-dw-systems-cata
307,2018-05-08,301,cata-warehouse-concepts,difference-between-3rd-nf-and
308,2018-05-08,301,cata-warehouse-concepts,introduction-to-dimensional-modeling
309,2018-05-08,301,cata-warehouse-concepts,star-and-snowflake-schemas-cata
310,2018-05-09,301,cata-warehouse-concepts,star-and-snowflake-schemas-cata
311,2018-05-09,301,cata-warehouse-concepts,star-and-snowflake-schemas-cata
312,2018-05-10,301,cata-warehouse-concepts,difference-between-3rd-nf-and
313,2018-05-10,301,cata-warehouse-concepts,introduction-to-dimensional-modeling
314,2018-05-10,301,cata-warehouse-concepts,difference-between-3rd-nf-and
315,2018-05-10,301,cata-warehouse-concepts,slowly-changing-dimension-scd1
316,2018-05-14,301,cata-warehouse-concepts,slowly-changing-dimension-scd1
317,2018-05-14,301,cata-warehouse-concepts,introduction-to-dimensional-modeling
318,2018-05-14,301,cata-warehouse-concepts,slowly-changing-dimension-scd1
319,2018-05-14,301,cata-warehouse-concepts,slowly-changing-dimension-scd2
320,2018-05-16,301,cata-warehouse-concepts,dw-fact-table-cata-warehouse
321,2018-05-19,301,cata-warehouse-concepts,dw-fact-table-cata-warehouse
322,2018-05-23,301,cata-warehouse-concepts,before-you-learn-dw-cata-warehouse-concepts-70
323,2018-05-24,301,cata-warehouse-concepts,before-you-learn-dw-cata-warehouse-concepts-70
324,2018-03-29,306,integration-services,conditional-split-and
325,2018-03-29,306,oracle-sql,introduction-to-sql-oracle-sql-102
326,2018-03-29,306,cata-warehouse-concepts,before-you-learn-dw-cata-warehouse-concepts-70
327,2018-03-29,306,business-objects,introduction-to-business-objects-file
328,2018-03-29,306,rdbms,introduction-file
329,2018-04-01,306,rdbms,expectation-from-you-file-rdbms-25
330,2018-04-01,306,rdbms,introduction-file
331,2018-04-01,306,oracle-sql,sql-and-oracle-quiz-oracle-sql-131
332,2018-04-03,306,cata-warehouse-concepts,introduction-to-dimensional-modeling
333,2018-04-03,306,cata-warehouse-concepts,data-modeling-in-dw-systems-cata
334,2018-04-03,306,cata-warehouse-concepts,difference-between-3rd-nf-and
335,2018-04-03,306,cata-warehouse-concepts,before-you-learn-dw-cata-warehouse-concepts-70
336,2018-04-03,306,cata-warehouse-concepts,introduction-to-dw-cata-warehouse-concepts-71
337,2018-04-03,306,cata-warehouse-concepts,differences-between-oltp-and-dw
338,2018-04-03,306,cata-warehouse-concepts,dw-architecture-cata-warehouse-concepts-73
339,2018-04-03,306,cata-warehouse-concepts,dw-architecture-cata-warehouse-concepts-73
340,2018-04-03,306,cata-warehouse-concepts,dw-architecture-cata-warehouse-concepts-73
341,2018-04-03,306,cata-warehouse-concepts,dw-architecture-cata-warehouse-concepts-73
342,2018-04-03,306,cata-warehouse-concepts,dw-architecture-cata-warehouse-concepts-73
343,2018-04-03,306,cata-warehouse-concepts,definition-of-dw-part-one-cata
344,2018-04-03,306,cata-warehouse-concepts,definition-of-dw-part-one-cata
345,2018-04-03,306,cata-warehouse-concepts,definition-of-datawarehouse-part-ii
346,2018-04-03,306,cata-warehouse-concepts,definition-of-datawarehouse-part-iii
347,2018-04-03,306,cata-warehouse-concepts,different-approaches-to-build-dw
348,2018-04-03,306,cata-warehouse-concepts,difference-between-dw-and-data-mart
349,2018-04-03,306,cata-warehouse-concepts,dw-maturity-cata-warehouse-concepts-79
350,2018-04-03,306,cata-warehouse-concepts,data-granularity-cata-warehouse-concepts-80
351,2018-04-03,306,cata-warehouse-concepts,itroduction-to-etl-extract-transfer-and-load
352,2018-04-03,306,cata-warehouse-concepts,extract-process-in-etl-layer-cata
353,2018-04-03,306,cata-warehouse-concepts,extract-scenarios-in-etl-layer
354,2018-04-03,306,cata-warehouse-concepts,extract-scenarios-in-etl-layer
355,2018-04-03,306,cata-warehouse-concepts,extract-scenarios-in-etl-layer
356,2018-04-03,306,cata-warehouse-concepts,transformation-process-in-etl-layer4
357,2018-04-03,306,cata-warehouse-concepts,different-transformations-in-etl-cata
358,2018-04-03,306,cata-warehouse-concepts,data-modeling-in-dw-systems-cata
359,2018-04-03,306,cata-warehouse-concepts,difference-between-3rd-nf-and
360,2018-04-03,306,cata-warehouse-concepts,introduction-to-dimensional-modeling
361,2018-04-03,306,cata-warehouse-concepts,star-and-snowflake-schemas-cata
362,2018-04-03,306,cata-warehouse-concepts,slowly-changing-dimension-scd1
363,2018-04-03,306,cata-warehouse-concepts,slowly-changing-dimension-scd2
364,2018-04-03,306,cata-warehouse-concepts,slowly-changing-dimension-scd3
365,2018-04-03,306,cata-warehouse-concepts,dw-fact-table-cata-warehouse
366,2018-04-04,306,cata-warehouse-concepts,data-modeling-in-dw-systems-cata
367,2018-04-04,306,cata-warehouse-concepts,difference-between-3rd-nf-and
368,2018-04-04,306,cata-warehouse-concepts,slowly-changing-dimension-scd1
369,2018-04-04,306,cata-warehouse-concepts,introduction-to-dimensional-modeling
370,2018-04-04,306,cata-warehouse-concepts,slowly-changing-dimension-scd1
371,2018-04-04,306,cata-warehouse-concepts,data-modeling-in-dw-systems-cata
372,2018-04-04,306,cata-warehouse-concepts,slowly-changing-dimension-scd1
373,2018-04-15,306,oracle-plsql,no-data-found-and-update-dml-oracle-plsql-136
374,2018-04-15,306,oracle-plsql,banking-process-scenario-minimum-bal
375,2018-05-06,306,integration-services,getting-started-integration-services-347
376,2018-05-06,306,integration-services,getting-started-integration-services-347
377,2018-05-07,306,integration-services,lookup-transforms-integration-services-355
378,2018-05-16,306,rdbms,databases-file-rdbms-30
379,2018-05-16,306,rdbms,what-is-data-part-1-file-rdbms-26
380,2018-05-16,306,rdbms,three-types-of-relationships-file-rdbms-34
381,2018-03-29,308,crystal-reports,the-formula-editor-crystal-reports-284
382,2018-03-29,308,power-bi,esri-map-power-bi-193
383,2018-03-29,308,oracle-sql,introduction-to-sql-oracle-sql-102
384,2018-04-01,308,oracle-sql,introduction-to-sql-oracle-sql-102
385,2018-04-03,308,rdbms,introduction-file
386,2018-04-03,308,rdbms,what-is-data-part-1-file-rdbms-26
387,2018-04-03,308,rdbms,what-is-data-part-2-file-rdbms-27
388,2018-04-03,308,rdbms,what-is-data-part-2-file-rdbms-27
389,2018-04-03,308,rdbms,entities-file-rdbms-28
390,2018-04-03,308,rdbms,visualizing-retail-business-file-rdbms-29
391,2018-04-03,308,rdbms,visualizing-retail-business-file-rdbms-29
392,2018-04-03,308,rdbms,databases-file-rdbms-30
393,2018-04-03,308,rdbms,types-of-databases-file-rdbms-31
394,2018-04-03,308,rdbms,types-of-databases-file-rdbms-31
395,2018-04-03,308,rdbms,relational-dbms-file-rdbms-32
396,2018-04-03,308,rdbms,rdbms-products-in-the-market-file-rdbms-33
397,2018-04-03,308,rdbms,three-types-of-relationships-file-rdbms-34
398,2018-04-03,308,rdbms,rdbms-products-in-the-market-file-rdbms-33
399,2018-04-03,308,rdbms,three-types-of-relationships-file-rdbms-34
400,2018-04-03,308,rdbms,entities-and-relationships-example-file-rdbms-35
401,2018-04-03,308,rdbms,visualizing-data-file-rdbms-36
402,2018-04-03,308,rdbms,tables-in-rdbms-file-rdbms-37
403,2018-04-03,308,rdbms,primary-key-foreign-key-file-rdbms-38
404,2018-04-03,308,rdbms,ef-codds-rules-file
405,2018-04-03,308,rdbms,what-is-a-transaction-file-rdbms-40
406,2018-04-03,308,rdbms,acid-property-file-rdbms-41
407,2018-04-03,308,rdbms,conceptual-model-file-rdbms-42
408,2018-04-03,308,rdbms,conceptual-model-file-rdbms-42
409,2018-04-03,308,rdbms,representing-relationship-in-logical-and
410,2018-04-03,308,rdbms,representing-relationship-in-logical-and
411,2018-04-03,308,rdbms,representing-relationship-in-logical-and
412,2018-04-03,308,rdbms,sample-logical-model-file-rdbms-45
413,2018-04-03,308,rdbms,sample-questions-from-business-file-rdbms-46
414,2018-04-05,308,cata-warehouse-concepts,before-you-learn-dw-cata-warehouse-concepts-70
415,2018-04-05,308,cata-warehouse-concepts,introduction-to-dw-cata-warehouse-concepts-71
416,2018-04-05,308,cata-warehouse-concepts,introduction-to-dw-cata-warehouse-concepts-71
417,2018-04-05,308,cata-warehouse-concepts,introduction-to-dw-cata-warehouse-concepts-71
418,2018-04-05,308,cata-warehouse-concepts,before-you-learn-dw-cata-warehouse-concepts-70
419,2018-05-15,308,oracle-sql,introduction-to-sql-oracle-sql-102
420,2018-05-15,308,oracle-sql,writing-different-queries-on
421,2018-05-17,308,oracle-sql,introduction-to-sql-oracle-sql-102
422,2018-05-17,308,oracle-sql,introduction-to-sql-oracle-sql-102
423,2018-05-17,308,oracle-sql,sql-introduction-and-types-of-sql-statem
424,2018-05-17,308,oracle-sql,data-manipulation-language-customer-oracle-sql-108
425,2018-05-17,308,oracle-sql,data-definition-language-oracle-sql-107
426,2018-04-02,310,oracle-sql,introduction-to-sql-oracle-sql-102
427,2018-04-02,310,rdbms,introduction-file
428,2018-04-03,310,cata-warehouse-concepts,before-you-learn-dw-cata-warehouse-concepts-70
429,2018-04-03,310,cata-warehouse-concepts,before-you-learn-dw-cata-warehouse-concepts-70
430,2018-04-03,310,cata-warehouse-concepts,introduction-to-dw-cata-warehouse-concepts-71
431,2018-04-03,310,cata-warehouse-concepts,introduction-to-dw-cata-warehouse-concepts-71
432,2018-04-03,310,cata-warehouse-concepts,before-you-learn-dw-cata-warehouse-concepts-70
433,2018-04-03,310,cata-warehouse-concepts,introduction-to-dw-cata-warehouse-concepts-71
434,2018-04-03,310,cata-warehouse-concepts,introduction-to-dw-cata-warehouse-concepts-71
435,2018-04-03,310,cata-warehouse-concepts,differences-between-oltp-and-dw
436,2018-04-03,310,cata-warehouse-concepts,dw-architecture-cata-warehouse-concepts-73
437,2018-04-03,310,cata-warehouse-concepts,differences-between-oltp-and-dw
438,2018-04-03,310,cata-warehouse-concepts,dw-architecture-cata-warehouse-concepts-73
439,2018-04-03,310,cata-warehouse-concepts,definition-of-dw-part-one-cata
440,2018-04-03,310,cata-warehouse-concepts,definition-of-datawarehouse-part-ii
441,2018-05-15,310,cata-warehouse-concepts,before-you-learn-dw-cata-warehouse-concepts-70
442,2018-05-15,310,cata-warehouse-concepts,introduction-to-dw-cata-warehouse-concepts-71
443,2018-03-30,312,business-objects,introduction-to-business-objects-file
444,2018-03-30,312,cata-warehouse-concepts,before-you-learn-dw-cata-warehouse-concepts-70
445,2018-03-30,312,cata-warehouse-concepts,introduction-to-dw-cata-warehouse-concepts-71
446,2018-04-01,312,oracle-sql,introduction-to-sql-oracle-sql-102
447,2018-04-01,312,rdbms,introduction-file
448,2018-04-01,312,rdbms,expectation-from-you-file-rdbms-25
449,2018-04-03,312,rdbms,introduction-file
450,2018-04-03,312,rdbms,ef-codds-rules-file
451,2018-04-03,312,rdbms,expectation-from-you-file-rdbms-25
452,2018-04-03,312,rdbms,what-is-data-part-1-file-rdbms-26
453,2018-04-03,312,rdbms,what-is-data-part-1-file-rdbms-26
454,2018-04-03,312,rdbms,what-is-data-part-2-file-rdbms-27
455,2018-04-03,312,rdbms,what-is-data-part-2-file-rdbms-27
456,2018-04-03,312,rdbms,entities-file-rdbms-28
457,2018-04-03,312,rdbms,visualizing-retail-business-file-rdbms-29
458,2018-04-03,312,rdbms,databases-file-rdbms-30
459,2018-04-03,312,rdbms,types-of-databases-file-rdbms-31
460,2018-04-03,312,rdbms,relational-dbms-file-rdbms-32
461,2018-04-03,312,rdbms,rdbms-products-in-the-market-file-rdbms-33
462,2018-04-03,312,rdbms,three-types-of-relationships-file-rdbms-34
463,2018-04-03,312,rdbms,three-types-of-relationships-file-rdbms-34
464,2018-04-03,312,rdbms,three-types-of-relationships-file-rdbms-34
465,2018-04-03,312,rdbms,entities-and-relationships-example-file-rdbms-35
466,2018-04-03,312,rdbms,visualizing-data-file-rdbms-36
467,2018-04-03,312,rdbms,tables-in-rdbms-file-rdbms-37
468,2018-04-03,312,rdbms,tables-in-rdbms-file-rdbms-37
469,2018-04-03,312,rdbms,primary-key-foreign-key-file-rdbms-38
470,2018-04-03,312,rdbms,ef-codds-rules-file
471,2018-04-03,312,rdbms,acid-property-file-rdbms-41
472,2018-04-03,312,rdbms,what-is-a-transaction-file-rdbms-40
473,2018-04-03,312,rdbms,acid-property-file-rdbms-41
474,2018-04-03,312,rdbms,conceptual-model-file-rdbms-42
475,2018-04-03,312,rdbms,sample-conceptual-model-file-rdbms-43
476,2018-04-03,312,rdbms,sample-conceptual-model-file-rdbms-43
477,2018-04-03,312,rdbms,representing-relationship-in-logical-and
478,2018-04-03,312,rdbms,sample-logical-model-file-rdbms-45
479,2018-04-03,312,rdbms,sample-questions-from-business-file-rdbms-46
480,2018-04-03,312,rdbms,next-steps-file-rdbms-47
481,2018-04-03,312,rdbms,show-only-topic-1-rdbms-48
482,2018-04-05,312,cata-warehouse-concepts,before-you-learn-dw-cata-warehouse-concepts-70
483,2018-04-05,312,cata-warehouse-concepts,introduction-to-dw-cata-warehouse-concepts-71
484,2018-04-05,312,cata-warehouse-concepts,differences-between-oltp-and-dw
485,2018-04-05,312,cata-warehouse-concepts,dw-architecture-cata-warehouse-concepts-73
486,2018-04-05,312,cata-warehouse-concepts,dw-architecture-cata-warehouse-concepts-73
487,2018-04-05,312,cata-warehouse-concepts,definition-of-dw-part-one-cata
488,2018-04-05,312,cata-warehouse-concepts,definition-of-dw-part-one-cata
489,2018-04-05,312,cata-warehouse-concepts,definition-of-datawarehouse-part-ii
490,2018-04-05,312,cata-warehouse-concepts,definition-of-datawarehouse-part-iii
491,2018-04-08,312,cata-warehouse-concepts,definition-of-datawarehouse-part-iii
492,2018-04-08,312,cata-warehouse-concepts,definition-of-datawarehouse-part-ii
493,2018-04-08,312,cata-warehouse-concepts,different-approaches-to-build-dw
494,2018-04-08,312,cata-warehouse-concepts,difference-between-dw-and-data-mart
495,2018-04-22,312,cata-warehouse-concepts,dw-architecture-cata-warehouse-concepts-73
496,2018-04-22,312,cata-warehouse-concepts,definition-of-datawarehouse-part-ii
497,2018-04-22,312,cata-warehouse-concepts,dw-maturity-cata-warehouse-concepts-79
498,2018-04-22,312,cata-warehouse-concepts,dw-maturity-cata-warehouse-concepts-79
499,2018-04-22,312,cata-warehouse-concepts,difference-between-dw-and-data-mart
500,2018-04-22,312,cata-warehouse-concepts,dw-maturity-cata-warehouse-concepts-79
501,2018-04-22,312,cata-warehouse-concepts,dw-maturity-cata-warehouse-concepts-79
502,2018-04-22,312,cata-warehouse-concepts,data-granularity-cata-warehouse-concepts-80
503,2018-04-22,312,cata-warehouse-concepts,data-granularity-cata-warehouse-concepts-80
504,2018-04-22,312,cata-warehouse-concepts,itroduction-to-etl-extract-transfer-and-load
505,2018-04-22,312,cata-warehouse-concepts,extract-process-in-etl-layer-cata
506,2018-04-22,312,cata-warehouse-concepts,extract-scenarios-in-etl-layer
507,2018-04-22,312,cata-warehouse-concepts,transformation-process-in-etl-layer4
508,2018-04-22,312,cata-warehouse-concepts,different-transformations-in-etl-cata
509,2018-04-22,312,cata-warehouse-concepts,loading-process-in-etl-layer-cata
510,2018-04-22,312,cata-warehouse-concepts,loading-process-in-etl-layer-cata
511,2018-04-22,312,cata-warehouse-concepts,data-modeling-in-dw-systems-cata
512,2018-04-22,312,cata-warehouse-concepts,difference-between-3rd-nf-and
513,2018-04-22,312,cata-warehouse-concepts,introduction-to-dimensional-modeling
514,2018-04-22,312,cata-warehouse-concepts,star-and-snowflake-schemas-cata
515,2018-04-22,312,cata-warehouse-concepts,slowly-changing-dimension-scd1
516,2018-05-05,312,integration-services,lookup-transforms-integration-services-355
517,2018-04-02,314,rdbms,introduction-file
518,2018-04-02,314,rdbms,ef-codds-rules-file
519,2018-04-02,314,business-objects,introduction-to-business-objects-file
520,2018-04-02,314,business-objects,components-of-bo-file-business-objects-56
521,2018-04-03,314,cata-warehouse-concepts,before-you-learn-dw-cata-warehouse-concepts-70
522,2018-04-03,314,cata-warehouse-concepts,introduction-to-dw-cata-warehouse-concepts-71
523,2018-04-03,314,cata-warehouse-concepts,differences-between-oltp-and-dw
524,2018-04-03,314,cata-warehouse-concepts,dw-architecture-cata-warehouse-concepts-73
525,2018-04-03,314,cata-warehouse-concepts,dw-architecture-cata-warehouse-concepts-73
526,2018-04-03,314,cata-warehouse-concepts,definition-of-dw-part-one-cata
527,2018-04-03,314,cata-warehouse-concepts,definition-of-datawarehouse-part-ii
528,2018-04-03,314,cata-warehouse-concepts,definition-of-datawarehouse-part-iii
529,2018-04-03,314,cata-warehouse-concepts,definition-of-datawarehouse-part-ii
530,2018-04-03,314,cata-warehouse-concepts,definition-of-datawarehouse-part-iii
531,2018-04-03,314,cata-warehouse-concepts,different-approaches-to-build-dw
532,2018-04-03,314,cata-warehouse-concepts,difference-between-dw-and-data-mart
533,2018-04-03,314,cata-warehouse-concepts,dw-maturity-cata-warehouse-concepts-79
534,2018-04-03,314,cata-warehouse-concepts,dw-maturity-cata-warehouse-concepts-79
535,2018-04-03,314,rdbms,introduction-file
536,2018-04-03,314,cata-warehouse-concepts,data-granularity-cata-warehouse-concepts-80
537,2018-04-03,314,cata-warehouse-concepts,itroduction-to-etl-extract-transfer-and-load
538,2018-04-03,314,cata-warehouse-concepts,different-approaches-to-build-dw
539,2018-04-04,314,cata-warehouse-concepts,dw-maturity-cata-warehouse-concepts-79
540,2018-04-04,314,cata-warehouse-concepts,data-granularity-cata-warehouse-concepts-80
541,2018-04-04,314,cata-warehouse-concepts,itroduction-to-etl-extract-transfer-and-load
542,2018-04-04,314,cata-warehouse-concepts,extract-process-in-etl-layer-cata
543,2018-04-04,314,cata-warehouse-concepts,extract-process-in-etl-layer-cata
544,2018-04-04,314,cata-warehouse-concepts,extract-process-in-etl-layer-cata
545,2018-04-04,314,cata-warehouse-concepts,itroduction-to-etl-extract-transfer-and-load
546,2018-04-04,314,cata-warehouse-concepts,extract-scenarios-in-etl-layer
547,2018-04-04,314,cata-warehouse-concepts,extract-process-in-etl-layer-cata
548,2018-04-04,314,cata-warehouse-concepts,extract-scenarios-in-etl-layer
549,2018-04-04,314,cata-warehouse-concepts,transformation-process-in-etl-layer4
550,2018-04-04,314,cata-warehouse-concepts,loading-process-in-etl-layer-cata
551,2018-04-04,314,cata-warehouse-concepts,data-modeling-in-dw-systems-cata
552,2018-04-04,314,cata-warehouse-concepts,difference-between-3rd-nf-and
553,2018-04-04,314,cata-warehouse-concepts,introduction-to-dimensional-modeling
554,2018-04-05,314,cata-warehouse-concepts,dw-maturity-cata-warehouse-concepts-79
555,2018-04-05,314,cata-warehouse-concepts,difference-between-3rd-nf-and
556,2018-04-05,314,cata-warehouse-concepts,introduction-to-dimensional-modeling
557,2018-04-05,314,cata-warehouse-concepts,star-and-snowflake-schemas-cata
558,2018-04-05,314,cata-warehouse-concepts,slowly-changing-dimension-scd1
559,2018-04-05,314,cata-warehouse-concepts,slowly-changing-dimension-scd1
560,2018-04-05,314,cata-warehouse-concepts,slowly-changing-dimension-scd2
561,2018-04-05,314,cata-warehouse-concepts,slowly-changing-dimension-scd3
562,2018-04-05,314,cata-warehouse-concepts,dw-fact-table-cata-warehouse
563,2018-04-06,314,cata-warehouse-concepts,slowly-changing-dimension-scd1
564,2018-04-06,314,cata-warehouse-concepts,slowly-changing-dimension-scd2
565,2018-04-06,314,power-bi,introduction-to-dax-power-bi-238
566,2018-04-09,314,power-bi,basic-transformations-power-bi-156
567,2018-04-09,314,power-bi,splitting-columns-power-bi-158
568,2018-04-09,314,power-bi,working-with-dates-power-bi-160
569,2018-04-09,314,power-bi,enter-data-power-bi-168
570,2018-04-09,314,power-bi,create-calculated-columns-power-bi-172
571,2018-04-09,314,power-bi,introduction-to-dax-power-bi-238
572,2018-04-09,314,power-bi,enter-data-power-bi-168
573,2018-04-09,314,power-bi,query-parameters-power-bi-169
574,2018-04-09,314,power-bi,calculated-tables-power-bi-176
575,2018-04-09,314,oracle-sql,introduction-to-sql-oracle-sql-102
576,2018-04-04,317,power-bi,introduction-to-power-bi-power-bi-151
577,2018-04-04,317,rdbms,what-is-data-part-1-file-rdbms-26
578,2018-04-12,320,power-bi,connect-to-an-access-database-power-bi-155
579,2018-04-14,320,power-bi,connect-to-an-access-database-power-bi-155
580,2018-04-14,320,oracle-sql,introduction-to-sql-oracle-sql-102
581,2018-04-14,320,oracle-sql,introduction-to-sql-oracle-sql-102
582,2018-04-14,320,power-bi,connect-to-an-access-database-power-bi-155
583,2018-04-14,320,rdbms,introduction-file
584,2018-04-14,320,rdbms,introduction-file
585,2018-04-18,325,rdbms,introduction-file
586,2018-04-18,325,rdbms,expectation-from-you-file-rdbms-25
587,2018-04-18,325,rdbms,what-is-data-part-1-file-rdbms-26
588,2018-04-18,325,rdbms,what-is-data-part-1-file-rdbms-26
589,2018-04-19,325,rdbms,what-is-data-part-2-file-rdbms-27
590,2018-04-19,325,rdbms,what-is-data-part-2-file-rdbms-27
591,2018-04-19,325,rdbms,entities-file-rdbms-28
592,2018-04-19,325,rdbms,visualizing-retail-business-file-rdbms-29
593,2018-04-19,325,rdbms,databases-file-rdbms-30
594,2018-04-19,325,rdbms,types-of-databases-file-rdbms-31
595,2018-04-19,325,rdbms,types-of-databases-file-rdbms-31
596,2018-04-19,325,rdbms,relational-dbms-file-rdbms-32
597,2018-04-19,325,rdbms,relational-dbms-file-rdbms-32
598,2018-04-19,325,rdbms,rdbms-products-in-the-market-file-rdbms-33
599,2018-04-19,325,rdbms,three-types-of-relationships-file-rdbms-34
600,2018-04-19,325,rdbms,entities-and-relationships-example-file-rdbms-35
601,2018-04-19,325,rdbms,three-types-of-relationships-file-rdbms-34
602,2018-04-19,325,rdbms,entities-and-relationships-example-file-rdbms-35
603,2018-04-19,325,rdbms,visualizing-data-file-rdbms-36
604,2018-04-19,325,rdbms,ef-codds-rules-file
605,2018-04-24,325,rdbms,primary-key-foreign-key-file-rdbms-38
606,2018-04-24,325,rdbms,primary-key-foreign-key-file-rdbms-38
607,2018-04-24,325,rdbms,ef-codds-rules-file
608,2018-05-08,325,cognos,creating-project-and-namespace-cognos-453
609,2018-05-14,325,cata-warehouse-concepts,before-you-learn-dw-cata-warehouse-concepts-70
610,2018-05-15,325,cata-warehouse-concepts,introduction-to-dw-cata-warehouse-concepts-71
611,2018-05-15,325,cata-warehouse-concepts,differences-between-oltp-and-dw
612,2018-05-15,325,cata-warehouse-concepts,dw-architecture-cata-warehouse-concepts-73
613,2018-05-15,325,cata-warehouse-concepts,dw-architecture-cata-warehouse-concepts-73
614,2018-05-15,325,cata-warehouse-concepts,definition-of-dw-part-one-cata
615,2018-05-15,325,cata-warehouse-concepts,definition-of-dw-part-one-cata
616,2018-05-15,325,cata-warehouse-concepts,definition-of-datawarehouse-part-ii
617,2018-05-15,325,cata-warehouse-concepts,definition-of-datawarehouse-part-iii
618,2018-05-15,325,cata-warehouse-concepts,different-approaches-to-build-dw
619,2018-05-16,325,cata-warehouse-concepts,difference-between-dw-and-data-mart
620,2018-05-16,325,cata-warehouse-concepts,different-approaches-to-build-dw
621,2018-05-16,325,cata-warehouse-concepts,dw-maturity-cata-warehouse-concepts-79
622,2018-05-16,325,cata-warehouse-concepts,definition-of-dw-part-one-cata
623,2018-05-16,325,cata-warehouse-concepts,definition-of-datawarehouse-part-ii
624,2018-05-16,325,cata-warehouse-concepts,dw-maturity-cata-warehouse-concepts-79
625,2018-05-16,325,cata-warehouse-concepts,difference-between-dw-and-data-mart
626,2018-05-16,325,cata-warehouse-concepts,dw-maturity-cata-warehouse-concepts-79
627,2018-05-17,325,cata-warehouse-concepts,dw-maturity-cata-warehouse-concepts-79
628,2018-05-17,325,cata-warehouse-concepts,data-granularity-cata-warehouse-concepts-80
629,2018-05-17,325,cata-warehouse-concepts,itroduction-to-etl-extract-transfer-and-load
630,2018-05-18,325,cata-warehouse-concepts,extract-process-in-etl-layer-cata
631,2018-05-18,325,cata-warehouse-concepts,dw-maturity-cata-warehouse-concepts-79
632,2018-05-18,325,cata-warehouse-concepts,data-granularity-cata-warehouse-concepts-80
633,2018-05-18,325,cata-warehouse-concepts,itroduction-to-etl-extract-transfer-and-load
634,2018-05-18,325,cata-warehouse-concepts,dw-maturity-cata-warehouse-concepts-79
635,2018-05-18,325,cata-warehouse-concepts,itroduction-to-etl-extract-transfer-and-load
636,2018-05-24,325,cata-warehouse-concepts,itroduction-to-etl-extract-transfer-and-load
637,2018-05-24,325,cata-warehouse-concepts,extract-process-in-etl-layer-cata
638,2018-05-24,325,cata-warehouse-concepts,extract-scenarios-in-etl-layer
639,2018-05-25,325,tableau,getting-started
640,2018-05-26,325,tableau,dynamic-calculation-tableau
641,2018-05-26,325,tableau,histograms-using-bins-tableau
642,2018-05-26,325,tableau,getting-started
643,2018-05-26,325,tableau,getting-started
644,2018-05-26,325,tableau,creating-sets-and-calculations
645,2018-05-27,325,tableau,getting-started
646,2018-05-27,325,tableau,top-n-analysis-sorting-tableau
647,2018-05-27,325,tableau,tableau-architecture-and-product-suite-details-tab
648,2018-05-27,325,tableau,top-n-analysis-sorting-tableau
649,2018-05-27,325,tableau,tableau-architecture-and-product-suite-details-tab
650,2018-05-27,325,tableau,top-n-analysis-sorting-tableau
651,2018-05-27,325,tableau,top-n-analysis-sorting-tableau
652,2018-04-18,326,rdbms,three-types-of-relationships-file-rdbms-34
653,2018-04-18,326,rdbms,introduction-file
654,2018-04-18,326,rdbms,introduction-file
655,2018-04-18,326,rdbms,expectation-from-you-file-rdbms-25
656,2018-04-18,326,rdbms,what-is-data-part-1-file-rdbms-26
657,2018-04-18,326,rdbms,what-is-data-part-2-file-rdbms-27
658,2018-04-18,326,rdbms,entities-file-rdbms-28
659,2018-04-18,326,rdbms,conceptual-model-file-rdbms-42
660,2018-04-18,326,rdbms,conceptual-model-file-rdbms-42
661,2018-04-19,326,rdbms,entities-and-relationships-example-file-rdbms-35
662,2018-04-19,326,rdbms,entities-and-relationships-example-file-rdbms-35
663,2018-04-19,326,rdbms,types-of-databases-file-rdbms-31
664,2018-04-19,326,rdbms,rdbms-products-in-the-market-file-rdbms-33
665,2018-04-19,326,rdbms,visualizing-data-file-rdbms-36
666,2018-04-19,326,rdbms,ef-codds-rules-file
667,2018-04-19,326,rdbms,representing-relationship-in-logical-and
668,2018-04-19,326,rdbms,conceptual-model-file-rdbms-42
669,2018-04-19,326,rdbms,sample-conceptual-model-file-rdbms-43
670,2018-04-19,326,rdbms,representing-relationship-in-logical-and
671,2018-04-20,326,rdbms,entities-and-relationships-example-file-rdbms-35
672,2018-04-20,326,rdbms,representing-relationship-in-logical-and
673,2018-04-20,326,rdbms,entities-and-relationships-example-file-rdbms-35
674,2018-04-21,326,rdbms,representing-relationship-in-logical-and
675,2018-04-21,326,rdbms,representing-relationship-in-logical-and
676,2018-04-21,326,rdbms,representing-relationship-in-logical-and
677,2018-04-21,326,rdbms,entities-file-rdbms-28
678,2018-04-21,326,rdbms,visualizing-retail-business-file-rdbms-29
679,2018-04-21,326,rdbms,databases-file-rdbms-30
680,2018-04-21,326,rdbms,databases-file-rdbms-30
681,2018-04-21,326,rdbms,types-of-databases-file-rdbms-31
682,2018-04-21,326,rdbms,rdbms-products-in-the-market-file-rdbms-33
683,2018-04-21,326,rdbms,three-types-of-relationships-file-rdbms-34
684,2018-04-21,326,rdbms,entities-and-relationships-example-file-rdbms-35
685,2018-04-21,326,rdbms,visualizing-data-file-rdbms-36
686,2018-04-21,326,rdbms,tables-in-rdbms-file-rdbms-37
687,2018-04-21,326,rdbms,primary-key-foreign-key-file-rdbms-38
688,2018-04-21,326,rdbms,representing-relationship-in-logical-and
689,2018-04-21,326,rdbms,sample-logical-model-file-rdbms-45
690,2018-04-21,326,rdbms,show-only-topic-1-rdbms-48
691,2018-04-21,326,rdbms,next-steps-file-rdbms-47
692,2018-04-21,326,rdbms,sample-questions-from-business-file-rdbms-46
693,2018-04-21,326,rdbms,sample-questions-from-business-file-rdbms-46
694,2018-04-21,326,rdbms,what-is-a-transaction-file-rdbms-40
695,2018-04-21,326,rdbms,what-is-a-transaction-file-rdbms-40
696,2018-04-21,326,rdbms,what-is-a-transaction-file-rdbms-40
697,2018-04-21,326,rdbms,acid-property-file-rdbms-41
698,2018-04-21,326,rdbms,what-is-data-part-1-file-rdbms-26
699,2018-04-21,326,rdbms,what-is-data-part-2-file-rdbms-27
700,2018-04-21,326,rdbms,what-is-data-part-2-file-rdbms-27
701,2018-04-23,326,oracle-sql,sql-simple-join-oracle-sql-121
702,2018-04-18,332,oracle-sql,introduction-to-sql-oracle-sql-102
703,2018-04-18,332,oracle-sql,introduction-to-sql-oracle-sql-102
704,2018-04-18,332,oracle-sql,introduction-to-sql-oracle-sql-102
705,2018-05-15,332,cata-warehouse-concepts,before-you-learn-dw-cata-warehouse-concepts-70
706,2018-05-15,332,cata-warehouse-concepts,introduction-to-dw-cata-warehouse-concepts-71
707,2018-05-15,332,cata-warehouse-concepts,differences-between-oltp-and-dw
708,2018-05-15,332,cata-warehouse-concepts,dw-architecture-cata-warehouse-concepts-73
709,2018-05-15,332,cata-warehouse-concepts,dw-architecture-cata-warehouse-concepts-73
710,2018-05-15,332,cata-warehouse-concepts,definition-of-dw-part-one-cata
711,2018-05-15,332,cata-warehouse-concepts,dw-architecture-cata-warehouse-concepts-73
712,2018-04-18,342,micro-strategy,derived-elements-micro-strategy-323
713,2018-04-18,342,oracle-sql,introduction-to-sql-oracle-sql-102
714,2018-04-18,342,micro-strategy,derived-elements-micro-strategy-323
715,2018-04-18,342,rdbms,introduction-file
716,2018-04-18,342,oracle-sql,sql_class_expectation-oracle-sql-103
717,2018-04-18,342,oracle-sql,understanding-oracle-database-connectivity
718,2018-04-18,342,oracle-sql,sql-introduction-and-types-of-sql-statem
719,2018-04-23,342,oracle-sql,sql-introduction-and-types-of-sql-statem
720,2018-04-23,342,oracle-sql,introduction_to_application-oracle-sql-106
721,2018-04-23,342,oracle-sql,data-definition-language-oracle-sql-107
722,2018-04-23,342,oracle-sql,data-manipulation-language-customer-oracle-sql-108
723,2018-05-14,342,oracle-plsql,introduction-to-pl-sql-oracle-plsql-133
724,2018-05-14,342,oracle-plsql,exception-handling-oracle-plsql-135
725,2018-05-14,342,oracle-plsql,no-data-found-and-update-dml-oracle-plsql-136
726,2018-05-14,342,oracle-plsql,exception-handling-oracle-plsql-135
727,2018-05-14,342,oracle-plsql,sample-pl-sql-block-oracle-plsql-134
728,2018-05-14,342,oracle-plsql,introduction-to-pl-sql-oracle-plsql-133
729,2018-05-14,342,oracle-plsql,sample-pl-sql-block-oracle-plsql-134
730,2018-05-14,342,oracle-plsql,exception-handling-oracle-plsql-135
731,2018-05-14,342,oracle-plsql,no-data-found-and-update-dml-oracle-plsql-136
732,2018-05-14,342,oracle-plsql,embedded-sql-oracle-plsql-137
733,2018-05-14,342,oracle-plsql,dealing-with-updates-in-pl-sql-oracle-plsql-138
734,2018-05-14,342,oracle-plsql,banking-process-scenario-with-deposit
735,2018-05-14,342,oracle-plsql,banking-process-scenario-withdraw-oracle-plsql-140
736,2018-05-14,342,oracle-plsql,banking-process-scenario-minimum-bal
737,2018-05-14,342,oracle-plsql,banking-process-scenario-minimum-bal
738,2018-05-14,342,oracle-plsql,exception-part-one-oracle-plsql-143
739,2018-05-14,342,oracle-plsql,exception-part-two-oracle-plsql-144
740,2018-05-14,342,oracle-plsql,loops-in-plsql-introduction-oracle-plsql-145
741,2018-05-14,342,oracle-plsql,block-with-in-block-problem-stateme
742,2018-05-14,342,oracle-plsql,block-with-in-block-example-one-oracle-plsql-147
743,2018-05-14,342,oracle-plsql,block-with-in-block-problem-stateme
744,2018-05-14,342,oracle-plsql,loops-in-plsql-introduction-oracle-plsql-145
745,2018-05-14,342,oracle-plsql,exception-part-two-oracle-plsql-144
746,2018-05-14,342,oracle-plsql,exception-part-one-oracle-plsql-143
747,2018-05-14,342,oracle-plsql,control-statement-if-then-else-oracle-plsql-142
748,2018-05-14,342,oracle-plsql,banking-process-scenario-minimum-bal
749,2018-05-14,342,oracle-plsql,banking-process-scenario-withdraw-oracle-plsql-140
750,2018-05-14,342,oracle-plsql,banking-process-scenario-with-deposit
751,2018-05-14,342,oracle-plsql,dealing-with-updates-in-pl-sql-oracle-plsql-138
752,2018-05-14,342,oracle-plsql,embedded-sql-oracle-plsql-137
753,2018-05-14,342,oracle-plsql,dealing-with-updates-in-pl-sql-oracle-plsql-138
754,2018-05-15,342,oracle-sql,sql-and-oracle-quiz-oracle-sql-131
755,2018-05-15,342,oracle-sql,select-more-about-joins-oracle-sql-130
756,2018-05-15,342,oracle-sql,select-more-about-joins-oracle-sql-130
757,2018-05-15,342,rdbms,identifying-entities-assignment-rdbms-49
758,2018-05-15,342,oracle-plsql,cursor-scenario-customer-grading-par
759,2018-05-28,342,cata-warehouse-concepts,before-you-learn-dw-cata-warehouse-concepts-70
760,2018-05-28,342,cata-warehouse-concepts,introduction-to-dw-cata-warehouse-concepts-71
761,2018-05-28,342,cata-warehouse-concepts,differences-between-oltp-and-dw
762,2018-05-28,342,cata-warehouse-concepts,dw-architecture-cata-warehouse-concepts-73
763,2018-05-28,342,cata-warehouse-concepts,differences-between-oltp-and-dw
764,2018-05-28,342,cata-warehouse-concepts,introduction-to-dw-cata-warehouse-concepts-71
765,2018-05-28,342,cata-warehouse-concepts,differences-between-oltp-and-dw
766,2018-05-28,342,cata-warehouse-concepts,dw-architecture-cata-warehouse-concepts-73
767,2018-05-28,342,cata-warehouse-concepts,dw-architecture-cata-warehouse-concepts-73
768,2018-05-28,342,cata-warehouse-concepts,definition-of-dw-part-one-cata
769,2018-05-28,342,cata-warehouse-concepts,dw-architecture-cata-warehouse-concepts-73
770,2018-05-28,342,cata-warehouse-concepts,definition-of-dw-part-one-cata
771,2018-05-28,342,cata-warehouse-concepts,definition-of-datawarehouse-part-ii
772,2018-05-16,353,cata-warehouse-concepts,introduction-to-dw-cata-warehouse-concepts-71
773,2018-05-16,353,cata-warehouse-concepts,introduction-to-dw-cata-warehouse-concepts-71
774,2018-05-16,353,cata-warehouse-concepts,introduction-to-dw-cata-warehouse-concepts-71
775,2018-05-16,353,oracle-sql,introduction-to-sql-oracle-sql-102
776,2018-05-16,353,cata-warehouse-concepts,before-you-learn-dw-cata-warehouse-concepts-70
777,2018-05-16,353,cata-warehouse-concepts,before-you-learn-dw-cata-warehouse-concepts-70
778,2018-05-17,353,oracle-sql,select-statement-subquery-oracle-sql-115
779,2018-05-18,353,oracle-sql,select-date-functions-oracle-sql-124
780,2018-05-23,353,cata-warehouse-concepts,differences-between-oltp-and-dw
781,2018-05-23,353,cata-warehouse-concepts,differences-between-oltp-and-dw
782,2018-05-23,353,cata-warehouse-concepts,introduction-to-dw-cata-warehouse-concepts-71
783,2018-05-23,353,cata-warehouse-concepts,introduction-to-dw-cata-warehouse-concepts-71
784,2018-05-23,353,cata-warehouse-concepts,differences-between-oltp-and-dw
785,2018-05-23,353,cata-warehouse-concepts,differences-between-oltp-and-dw
786,2018-05-23,353,cata-warehouse-concepts,dw-architecture-cata-warehouse-concepts-73
787,2018-05-23,353,cata-warehouse-concepts,definition-of-dw-part-one-cata
788,2018-05-23,353,cata-warehouse-concepts,definition-of-dw-part-one-cata
789,2018-05-23,353,cata-warehouse-concepts,definition-of-datawarehouse-part-ii
790,2018-05-23,353,cata-warehouse-concepts,definition-of-datawarehouse-part-ii
791,2018-05-24,353,tableau,creating-sets-and-calculations
792,2018-05-24,353,tableau,getting-started
793,2018-05-24,353,tableau,creating-sets-and-calculations
794,2018-05-24,353,tableau,tableau-architecture-and-product-suite-details-tab
795,2018-05-24,353,tableau,tree-maps-tableau
796,2018-05-24,353,tableau,tree-maps-tableau
797,2018-05-24,353,tableau,tree-maps-tableau
798,2018-05-24,353,tableau,top-n-analysis-sorting-tableau
799,2018-05-24,353,tableau,top-n-analysis-sorting-tableau
800,2018-05-24,353,tableau,parameters-part-1-tableau
801,2018-05-25,353,tableau,parameters-part-1-tableau
802,2018-05-25,353,cata-warehouse-concepts,dw-architecture-cata-warehouse-concepts-73
803,2018-05-25,353,cata-warehouse-concepts,differences-between-oltp-and-dw
804,2018-05-25,353,cata-warehouse-concepts,introduction-to-dw-cata-warehouse-concepts-71
805,2018-05-25,353,cata-warehouse-concepts,dw-architecture-cata-warehouse-concepts-73
806,2018-05-25,353,cata-warehouse-concepts,extract-process-in-etl-layer-cata
807,2018-05-25,353,cata-warehouse-concepts,differences-between-oltp-and-dw
808,2018-05-25,353,cata-warehouse-concepts,differences-between-oltp-and-dw
809,2018-05-27,353,cata-warehouse-concepts,different-approaches-to-build-dw
810,2018-05-27,353,cata-warehouse-concepts,difference-between-dw-and-data-mart
811,2018-05-27,353,cata-warehouse-concepts,difference-between-dw-and-data-mart
812,2018-05-27,353,cata-warehouse-concepts,dw-maturity-cata-warehouse-concepts-79
813,2018-05-27,353,oracle-sql,select-date-functions-oracle-sql-124
814,2018-05-27,353,oracle-sql,select-date-functions-oracle-sql-124
815,2018-05-27,353,oracle-sql,select-string-functions-oracle-sql-126
816,2018-05-27,353,oracle-sql,select-more-about-joins-oracle-sql-130
817,2018-05-23,354,oracle-sql,introduction-to-sql-oracle-sql-102
818,2018-04-30,355,oracle-sql,introduction-to-sql-oracle-sql-102
819,2018-04-30,355,oracle-sql,introduction-to-sql-oracle-sql-102
820,2018-04-30,355,oracle-sql,introduction-to-sql-oracle-sql-102
821,2018-05-07,355,oracle-sql,introduction-to-sql-oracle-sql-102
822,2018-05-07,355,oracle-sql,introduction-to-sql-oracle-sql-102
823,2018-05-07,355,rdbms,introduction-file
824,2018-05-07,355,rdbms,introduction-file
825,2018-05-07,355,cata-warehouse-concepts,before-you-learn-dw-cata-warehouse-concepts-70
826,2018-05-07,355,cata-warehouse-concepts,before-you-learn-dw-cata-warehouse-concepts-70
827,2018-05-07,355,rdbms,what-is-data-part-1-file-rdbms-26
828,2018-05-07,355,rdbms,what-is-data-part-1-file-rdbms-26
829,2018-05-07,355,rdbms,what-is-data-part-2-file-rdbms-27
830,2018-05-07,355,rdbms,entities-file-rdbms-28
831,2018-05-07,355,rdbms,entities-file-rdbms-28
832,2018-05-07,355,rdbms,visualizing-retail-business-file-rdbms-29
833,2018-05-07,355,rdbms,databases-file-rdbms-30
834,2018-05-07,355,rdbms,types-of-databases-file-rdbms-31
835,2018-05-07,355,rdbms,relational-dbms-file-rdbms-32
836,2018-05-07,355,rdbms,rdbms-products-in-the-market-file-rdbms-33
837,2018-05-07,355,rdbms,identifying-entities-assignment-rdbms-49
838,2018-05-07,355,rdbms,entities-and-relationships-assignment-rdbms-50
839,2018-05-07,355,rdbms,entities-and-relationships-assignment-rdbms-50
840,2018-05-07,355,rdbms,rdbms-concepts-quiz-rdbms-54
841,2018-05-07,355,rdbms,three-types-of-relationships-file-rdbms-34
842,2018-05-07,355,rdbms,entities-and-relationships-example-file-rdbms-35
843,2018-05-07,355,rdbms,visualizing-data-file-rdbms-36
844,2018-05-07,355,rdbms,visualizing-data-file-rdbms-36
845,2018-05-07,355,rdbms,tables-in-rdbms-file-rdbms-37
846,2018-05-07,355,rdbms,tables-in-rdbms-file-rdbms-37
847,2018-05-07,355,rdbms,entities-and-relationships-example-file-rdbms-35
848,2018-05-07,355,rdbms,visualizing-data-file-rdbms-36
849,2018-05-07,355,rdbms,tables-in-rdbms-file-rdbms-37
850,2018-05-07,355,rdbms,primary-key-foreign-key-file-rdbms-38
851,2018-05-07,355,rdbms,ef-codds-rules-file
852,2018-05-07,355,rdbms,what-is-a-transaction-file-rdbms-40
853,2018-05-07,355,rdbms,acid-property-file-rdbms-41
854,2018-05-07,355,rdbms,conceptual-model-file-rdbms-42
855,2018-05-07,355,rdbms,sample-conceptual-model-file-rdbms-43
856,2018-05-07,355,rdbms,representing-relationship-in-logical-and
857,2018-05-07,355,rdbms,sample-logical-model-file-rdbms-45
858,2018-05-07,355,rdbms,sample-questions-from-business-file-rdbms-46
859,2018-05-07,355,rdbms,sample-questions-from-business-file-rdbms-46
860,2018-05-07,355,rdbms,sample-questions-from-business-file-rdbms-46
861,2018-05-07,355,rdbms,next-steps-file-rdbms-47
862,2018-05-07,355,rdbms,next-steps-file-rdbms-47
863,2018-05-07,355,rdbms,show-only-topic-1-rdbms-48
864,2018-05-07,355,rdbms,show-only-topic-1-rdbms-48
865,2018-05-07,355,rdbms,rdbms-concepts-assignment-rdbms-52
866,2018-05-07,355,rdbms,rdbms-concepts-assignment-rdbms-52
867,2018-05-07,355,rdbms,project-rdbms-53
868,2018-05-07,355,rdbms,project-rdbms-53
869,2018-05-07,355,rdbms,rdbms-concepts-quiz-rdbms-54
870,2018-05-07,355,rdbms,rdbms-concepts-quiz-rdbms-54
871,2018-05-08,355,rdbms,introduction-file
872,2018-05-08,355,rdbms,expectation-from-you-file-rdbms-25
873,2018-05-08,355,rdbms,what-is-data-part-1-file-rdbms-26
874,2018-05-08,355,rdbms,entities-file-rdbms-28
875,2018-05-08,355,rdbms,databases-file-rdbms-30
876,2018-05-08,355,rdbms,visualizing-retail-business-file-rdbms-29
877,2018-05-08,355,rdbms,relational-dbms-file-rdbms-32
878,2018-05-08,355,rdbms,rdbms-products-in-the-market-file-rdbms-33
879,2018-05-08,355,rdbms,sample-conceptual-model-file-rdbms-43
880,2018-05-08,355,rdbms,conceptual-model-file-rdbms-42
881,2018-05-08,355,rdbms,sample-logical-model-file-rdbms-45
882,2018-05-13,355,rdbms,expectation-from-you-file-rdbms-25
883,2018-05-13,355,rdbms,what-is-data-part-1-file-rdbms-26
884,2018-05-13,355,rdbms,entities-file-rdbms-28
885,2018-05-13,355,rdbms,visualizing-retail-business-file-rdbms-29
886,2018-05-02,359,rdbms,introduction-file
887,2018-05-08,359,cata-warehouse-concepts,before-you-learn-dw-cata-warehouse-concepts-70
888,2018-05-08,359,desktop-intelligence,creating-formula-variables-in-reports
889,2018-05-09,359,tableau,getting-started
890,2018-05-09,359,tableau,creating-sets-and-calculations
891,2018-05-02,360,rdbms,visualizing-data-file-rdbms-36
892,2018-05-15,360,rdbms,introduction-file
893,2018-05-15,360,cata-warehouse-concepts,before-you-learn-dw-cata-warehouse-concepts-70
894,2018-05-15,360,cata-warehouse-concepts,before-you-learn-dw-cata-warehouse-concepts-70
895,2018-05-15,360,cata-warehouse-concepts,introduction-to-dw-cata-warehouse-concepts-71
896,2018-05-15,360,cata-warehouse-concepts,before-you-learn-dw-cata-warehouse-concepts-70
897,2018-05-15,360,cata-warehouse-concepts,introduction-to-dw-cata-warehouse-concepts-71
898,2018-05-15,360,cata-warehouse-concepts,introduction-to-dw-cata-warehouse-concepts-71
899,2018-05-15,360,cata-warehouse-concepts,differences-between-oltp-and-dw
900,2018-05-15,360,cata-warehouse-concepts,dw-architecture-cata-warehouse-concepts-73
901,2018-05-15,360,cata-warehouse-concepts,dw-architecture-cata-warehouse-concepts-73
902,2018-05-15,360,cata-warehouse-concepts,dw-architecture-cata-warehouse-concepts-73
903,2018-05-15,360,cata-warehouse-concepts,dw-architecture-cata-warehouse-concepts-73
904,2018-05-15,360,cata-warehouse-concepts,definition-of-dw-part-one-cata
905,2018-05-15,360,cata-warehouse-concepts,definition-of-dw-part-one-cata
906,2018-05-15,362,cata-warehouse-concepts,before-you-learn-dw-cata-warehouse-concepts-70
907,2018-05-15,362,cata-warehouse-concepts,introduction-to-dw-cata-warehouse-concepts-71
908,2018-05-15,362,cata-warehouse-concepts,differences-between-oltp-and-dw
909,2018-05-15,362,cata-warehouse-concepts,dw-architecture-cata-warehouse-concepts-73
910,2018-05-15,362,cata-warehouse-concepts,differences-between-oltp-and-dw
911,2018-05-15,362,cata-warehouse-concepts,dw-architecture-cata-warehouse-concepts-73
912,2018-05-15,362,cata-warehouse-concepts,definition-of-dw-part-one-cata
913,2018-05-15,362,cata-warehouse-concepts,definition-of-dw-part-one-cata
914,2018-05-15,362,cata-warehouse-concepts,dw-architecture-cata-warehouse-concepts-73
915,2018-05-15,362,cata-warehouse-concepts,definition-of-dw-part-one-cata
916,2018-05-15,362,cata-warehouse-concepts,definition-of-dw-part-one-cata
917,2018-05-15,362,cata-warehouse-concepts,definition-of-datawarehouse-part-ii
918,2018-05-15,362,cata-warehouse-concepts,definition-of-datawarehouse-part-iii
919,2018-05-15,362,cata-warehouse-concepts,different-approaches-to-build-dw
920,2018-05-15,362,cata-warehouse-concepts,difference-between-dw-and-data-mart
921,2018-05-15,362,cata-warehouse-concepts,dw-maturity-cata-warehouse-concepts-79
922,2018-05-15,362,cata-warehouse-concepts,data-granularity-cata-warehouse-concepts-80
923,2018-05-15,362,cata-warehouse-concepts,data-granularity-cata-warehouse-concepts-80
924,2018-05-15,362,cata-warehouse-concepts,itroduction-to-etl-extract-transfer-and-load
925,2018-05-16,362,cata-warehouse-concepts,itroduction-to-etl-extract-transfer-and-load
926,2018-05-16,362,cata-warehouse-concepts,itroduction-to-etl-extract-transfer-and-load
927,2018-05-16,362,cata-warehouse-concepts,itroduction-to-etl-extract-transfer-and-load
928,2018-05-16,362,cata-warehouse-concepts,extract-process-in-etl-layer-cata
929,2018-05-16,362,cata-warehouse-concepts,extract-scenarios-in-etl-layer
930,2018-05-16,362,cata-warehouse-concepts,transformation-process-in-etl-layer4
931,2018-05-16,362,cata-warehouse-concepts,different-transformations-in-etl-cata
932,2018-05-16,362,cata-warehouse-concepts,dw-maturity-cata-warehouse-concepts-79
933,2018-05-16,362,cata-warehouse-concepts,transformation-process-in-etl-layer4
934,2018-05-17,362,cata-warehouse-concepts,slowly-changing-dimension-scd1
935,2018-05-17,362,cata-warehouse-concepts,slowly-changing-dimension-scd2
936,2018-05-17,362,cata-warehouse-concepts,different-transformations-in-etl-cata
937,2018-05-17,362,cata-warehouse-concepts,loading-process-in-etl-layer-cata
938,2018-05-17,362,cata-warehouse-concepts,loading-process-in-etl-layer-cata
939,2018-05-17,362,cata-warehouse-concepts,data-modeling-in-dw-systems-cata
940,2018-05-17,362,cata-warehouse-concepts,data-modeling-in-dw-systems-cata
941,2018-05-17,362,cata-warehouse-concepts,difference-between-3rd-nf-and
942,2018-05-17,362,cata-warehouse-concepts,introduction-to-dimensional-modeling
943,2018-05-19,362,rdbms,identifying-entities-assignment-rdbms-49
944,2018-05-19,362,rdbms,entities-and-relationships-assignment-rdbms-50
945,2018-05-19,362,rdbms,rdbms-concepts-quiz-rdbms-54
946,2018-05-08,363,power-bi,power-bi-qa-power-bi-220
947,2018-05-08,363,power-bi,introduction-to-power-bi-power-bi-151
948,2018-05-08,363,integration-services,looping-over-files-integration-services-357
949,2018-05-08,363,integration-services,looping-over-files-integration-services-357
950,2018-05-08,363,integration-services,other-foreach-loops-integration-services-358
951,2018-05-04,364,oracle-sql,data-definition-language-oracle-sql-107
952,2018-05-07,366,rdbms,introduction-file
953,2018-05-07,366,rdbms,expectation-from-you-file-rdbms-25
954,2018-05-07,366,rdbms,expectation-from-you-file-rdbms-25
955,2018-05-15,372,oracle-sql,introduction-to-sql-oracle-sql-102
956,2018-05-15,372,oracle-sql,introduction-to-sql-oracle-sql-102
957,2018-05-25,372,rdbms,introduction-file
958,2018-05-15,373,oracle-sql,dml-scenario-phone-plan-oracle-sql-132
959,2018-05-15,373,oracle-sql,introduction-to-sql-oracle-sql-102
960,2018-05-24,373,rdbms,introduction-file
961,2018-05-24,373,rdbms,expectation-from-you-file-rdbms-25
962,2018-05-24,373,rdbms,visualizing-retail-business-file-rdbms-29
963,2018-05-25,373,oracle-sql,introduction-to-sql-oracle-sql-102
964,2018-05-25,373,rdbms,what-is-data-part-2-file-rdbms-27
965,2018-05-17,375,crystal-reports,what-you-will-need-crystal-reports-246
966,2018-05-17,375,oracle-sql,select-statement-dealing-part1-oracle-sql-113
967,2018-05-17,375,oracle-sql,writing-simple-select-clause
968,2018-05-17,375,oracle-sql,select-statement-dealing-part1-oracle-sql-113
969,2018-05-18,375,oracle-sql,introduction-to-sql-oracle-sql-102
970,2018-05-18,375,crystal-reports,what-you-will-need-crystal-reports-246
971,2018-05-18,375,cata-warehouse-concepts,before-you-learn-dw-cata-warehouse-concepts-70
972,2018-05-26,375,rdbms,introduction-file
973,2018-05-26,375,rdbms,expectation-from-you-file-rdbms-25
974,2018-05-25,376,tableau,getting-started
975,2018-05-26,376,tableau,getting-started
976,2018-05-26,376,tableau,getting-started
977,2018-05-18,377,rdbms,introduction-file
978,2018-05-19,377,oracle-sql,select-statement-dealing-part1-oracle-sql-113
979,2018-05-19,377,oracle-sql,writing-simple-select-clause
980,2018-05-19,377,oracle-sql,select-statement-dealing-part1-oracle-sql-113
981,2018-05-21,377,oracle-sql,group-by-and-having-clause-partii-oracle-sql-120
982,2018-05-23,377,oracle-sql,writing-simple-select-statements
983,2018-05-23,377,oracle-sql,writing-simple-select-clause
984,2018-05-23,377,oracle-sql,select-statement-dealing-part1-oracle-sql-113
985,2018-05-23,377,oracle-sql,introduction-to-aggregate-functions-part-i
986,2018-05-23,377,oracle-sql,introduction-to-aggregate-functions
987,2018-05-23,377,oracle-sql,introduction-to-aggregate-functions-part-i
988,2018-05-23,377,oracle-sql,introduction-to-aggregate-functions
989,2018-05-23,377,oracle-sql,writing-different-queries-on
990,2018-05-23,377,oracle-sql,select-date-functions-oracle-sql-124
991,2018-05-24,377,oracle-sql,group-by-and-having-clause-oracle-sql-118
992,2018-05-24,377,oracle-sql,group-by-and-having-clause-partii-oracle-sql-120
993,2018-05-24,377,oracle-sql,sql-and-oracle-quiz-oracle-sql-131
994,2018-05-24,377,oracle-sql,group-by-and-having-clause-oracle-sql-118
995,2018-05-24,377,rdbms,visualizing-data-file-rdbms-36
996,2018-05-25,377,oracle-sql,sql-introduction-and-types-of-sql-statem
997,2018-05-25,377,oracle-sql,introduction-to-aggregate-functions
998,2018-05-25,377,oracle-sql,sql-introduction-and-types-of-sql-statem
999,2018-05-25,377,oracle-sql,writing-different-queries-on
1000,2018-05-25,377,rdbms,visualizing-data-file-rdbms-36
1001,2018-05-25,380,rdbms,introduction-file
1002,2018-05-25,380,integration-services,getting-started-integration-services-347
1003,2018-05-25,380,integration-services,basic-transformations-integration-services-349
1004,2018-05-25,380,power-bi,introduction-to-power-bi-power-bi-151
1005,2018-05-25,380,sdlc,part-1-sdlc-344
1006,2018-05-25,380,oracle-sql,introduction-to-sql-oracle-sql-102
1007,2018-05-25,380,oracle-sql,introduction-to-sql-oracle-sql-102
1008,2018-05-25,380,rdbms,introduction-file
1009,2018-05-25,380,rdbms,introduction-file
1010,2018-05-25,380,rdbms,expectation-from-you-file-rdbms-25
1011,2018-05-25,380,rdbms,what-is-data-part-1-file-rdbms-26
1012,2018-05-25,380,rdbms,what-is-data-part-2-file-rdbms-27
1013,2018-05-25,380,rdbms,what-is-data-part-2-file-rdbms-27
1014,2018-05-25,380,rdbms,what-is-data-part-2-file-rdbms-27
1015,2018-05-25,380,rdbms,entities-file-rdbms-28
1016,2018-05-25,380,rdbms,what-is-data-part-2-file-rdbms-27
1017,2018-05-25,380,rdbms,what-is-data-part-1-file-rdbms-26
1018,2018-05-25,380,rdbms,what-is-data-part-2-file-rdbms-27
1019,2018-05-25,380,rdbms,entities-file-rdbms-28
1020,2018-05-25,380,rdbms,visualizing-retail-business-file-rdbms-29
1021,2018-05-25,380,rdbms,databases-file-rdbms-30
1022,2018-05-25,380,rdbms,types-of-databases-file-rdbms-31
1023,2018-05-25,380,rdbms,databases-file-rdbms-30
1024,2018-05-25,380,rdbms,types-of-databases-file-rdbms-31
1025,2018-05-25,380,rdbms,relational-dbms-file-rdbms-32
1026,2018-05-25,380,rdbms,relational-dbms-file-rdbms-32
1027,2018-05-25,380,rdbms,rdbms-products-in-the-market-file-rdbms-33
1028,2018-05-25,380,rdbms,three-types-of-relationships-file-rdbms-34
1029,2018-05-26,380,rdbms,rdbms-products-in-the-market-file-rdbms-33
1030,2018-05-26,380,rdbms,three-types-of-relationships-file-rdbms-34
1031,2018-05-26,380,rdbms,entities-and-relationships-example-file-rdbms-35
1032,2018-05-26,380,rdbms,entities-and-relationships-example-file-rdbms-35
1033,2018-05-26,380,rdbms,visualizing-data-file-rdbms-36
1034,2018-05-26,380,rdbms,tables-in-rdbms-file-rdbms-37
1035,2018-05-26,380,rdbms,primary-key-foreign-key-file-rdbms-38
1036,2018-05-26,380,rdbms,ef-codds-rules-file
1037,2018-05-26,380,rdbms,what-is-a-transaction-file-rdbms-40
1038,2018-05-26,380,rdbms,what-is-a-transaction-file-rdbms-40
1039,2018-05-26,380,rdbms,acid-property-file-rdbms-41
1040,2018-05-26,380,rdbms,conceptual-model-file-rdbms-42
1041,2018-05-26,380,rdbms,sample-conceptual-model-file-rdbms-43
1042,2018-05-26,380,rdbms,representing-relationship-in-logical-and
1043,2018-05-26,380,rdbms,sample-logical-model-file-rdbms-45
1044,2018-05-26,380,rdbms,sample-questions-from-business-file-rdbms-46
1045,2018-05-26,380,rdbms,next-steps-file-rdbms-47
1046,2018-05-26,380,rdbms,show-only-topic-1-rdbms-48
1047,2018-05-26,380,rdbms,next-steps-file-rdbms-47
1048,2018-05-26,380,rdbms,show-only-topic-1-rdbms-48
1049,2018-05-26,380,rdbms,show-only-topic-1-rdbms-48
1050,2018-05-26,380,rdbms,identifying-entities-assignment-rdbms-49
1051,2018-05-26,380,rdbms,entities-and-relationships-assignment-rdbms-50
1052,2018-05-26,380,rdbms,visualize-data-assignment-rdbms-51
1053,2018-05-26,380,rdbms,rdbms-concepts-assignment-rdbms-52
1054,2018-05-26,380,rdbms,project-rdbms-53
1055,2018-05-26,380,rdbms,rdbms-concepts-quiz-rdbms-54
1056,2018-05-26,380,rdbms,sample-logical-model-file-rdbms-45
1057,2018-05-26,380,rdbms,sample-questions-from-business-file-rdbms-46
1058,2018-05-26,380,rdbms,identifying-entities-assignment-rdbms-49
1059,2018-05-26,380,oracle-sql,sql-and-oracle-quiz-oracle-sql-131
1060,2018-05-26,380,oracle-sql,introduction-to-sql-oracle-sql-102
1061,2018-05-26,380,oracle-sql,sql_class_expectation-oracle-sql-103
1062,2018-05-26,380,oracle-sql,understanding-oracle-database-connectivity
1063,2018-05-26,380,oracle-sql,understanding-oracle-database-connectivity
1064,2018-05-26,380,oracle-sql,sql_class_expectation-oracle-sql-103
1065,2018-05-26,380,oracle-sql,understanding-oracle-database-connectivity
1066,2018-05-26,380,oracle-sql,sql-introduction-and-types-of-sql-statem
1067,2018-05-26,380,oracle-sql,introduction_to_application-oracle-sql-106
1068,2018-05-26,380,oracle-sql,data-definition-language-oracle-sql-107
1069,2018-05-26,380,oracle-sql,data-definition-language-oracle-sql-107
1070,2018-05-26,380,oracle-sql,data-manipulation-language-customer-oracle-sql-108
1071,2018-05-26,380,oracle-sql,writing-simple-select-statements-oracle-sql-109
1072,2018-05-26,380,oracle-sql,data-manipulation-language-oracle-sql-110
1073,2018-05-26,380,oracle-sql,select-full-outer-join-oracle-sql-129
1074,2018-05-26,380,oracle-sql,data-manipulation-language-oracle-sql-110
1075,2018-05-26,380,oracle-sql,data-manipulation-language-oracle-sql-110
1076,2018-05-26,380,oracle-sql,dml-scenario-phone-plan-oracle-sql-132
1077,2018-05-26,380,oracle-sql,writing-simple-select-statements
1078,2018-05-26,380,oracle-sql,writing-simple-select-clause
1079,2018-05-26,380,oracle-sql,select-statement-dealing-part1-oracle-sql-113
1080,2018-05-26,380,oracle-sql,select-statement-dealing-part2-oracle-sql-114
1081,2018-05-26,380,oracle-sql,select-statement-subquery-oracle-sql-115
1082,2018-05-27,380,oracle-sql,introduction-to-aggregate-functions-part-i
1083,2018-05-27,380,oracle-sql,introduction-to-aggregate-functions
1084,2018-05-27,380,oracle-sql,group-by-and-having-clause-oracle-sql-118
1085,2018-05-27,380,oracle-sql,group-by-and-having-clause-oracle-sql-118
1086,2018-05-27,380,oracle-sql,writing-different-queries-on
1087,2018-05-27,380,oracle-sql,writing-different-queries-on
1088,2018-05-27,380,oracle-sql,group-by-and-having-clause-partii-oracle-sql-120
1089,2018-05-27,380,oracle-sql,sql-simple-join-oracle-sql-121
1090,2018-05-27,380,oracle-sql,select-simple-join-partii-oracle-sql-122
1091,2018-05-27,380,oracle-sql,select-outer-join-oracle-sql-123
1092,2018-05-27,380,oracle-sql,select-date-functions-oracle-sql-124
1093,2018-05-27,380,oracle-sql,select-number-functions-oracle-sql-125
1094,2018-05-27,380,oracle-sql,select-string-functions-oracle-sql-126
1095,2018-05-27,380,oracle-sql,select-string-function-part-ii-oracle-sql-127
1096,2018-05-27,380,oracle-sql,select-simple-join-three-tables-oracle-sql-128
1097,2018-05-27,380,oracle-sql,select-full-outer-join-oracle-sql-129
1098,2018-05-27,380,oracle-sql,select-more-about-joins-oracle-sql-130
1099,2018-05-28,380,oracle-sql,sql_class_expectation-oracle-sql-103
1100,2018-05-28,380,oracle-sql,sql-and-oracle-quiz-oracle-sql-131
1101,2018-05-26,383,rdbms,what-is-data-part-1-file-rdbms-26
1102,2018-05-25,385,oracle-sql,sql-simple-join-oracle-sql-121
1103,2018-05-25,385,oracle-plsql,exception-handling-oracle-plsql-135
1104,2018-05-25,385,oracle-plsql,no-data-found-and-update-dml-oracle-plsql-136
1105,2018-05-25,385,oracle-sql,sql-simple-join-oracle-sql-121
1106,2018-05-27,386,rdbms,tables-in-rdbms-file-rdbms-37
1107,2018-05-27,386,rdbms,tables-in-rdbms-file-rdbms-37
1108,2018-05-27,386,rdbms,tables-in-rdbms-file-rdbms-37
1109,2018-05-27,386,rdbms,primary-key-foreign-key-file-rdbms-38
1110,2018-05-27,386,rdbms,ef-codds-rules-file
1111,2018-05-27,386,rdbms,ef-codds-rules-file
1112,2018-05-27,386,rdbms,what-is-a-transaction-file-rdbms-40
1113,2018-05-27,386,rdbms,what-is-a-transaction-file-rdbms-40
